property_id,area_m2,bedrooms,bathrooms,floor,total_floors,build_year,neighborhood,property_type,condition,renovated,has_elevator,has_parking,has_balcony,energy_rating,school_rating,crime_rate,distance_to_center_km,monthly_income_area,listing_month,days_on_market,price_usd
HP100431,40.5,0,1.0,21,24,2008,Airport,house,good,yes,yes,no,yes,B,5.1,5.9,13.5,1891.0,Mar,56,364020
HP101590,120.1,2,1.8,14,16,1998,Suburb,apartment,good,no,yes,no,yes,C,7.4,3.2,9.4,3681.0,Dec,64,582381
HP100217,74.3,2,3.1,8,11,2020,Suburb,apartment,fair,no,no,no,no,C,6.8,3.0,12.4,3219.0,Apr,52,395744
HP100002,86.0,1,1.0,10,22,1982,Green Hills,apartment,fair,no,yes,no,no,B,9.5,0.5,8.3,4095.0,Jan,74,546630
HP101794,58.9,1,1.7,15,26,1969,Green Hills,apartment,good,yes,yes,yes,yes,E,8.6,0.9,6.0,3793.0,May,67,486921
HP101650,41.8,2,2.2,9,11,2009,Suburb,house,good,no,yes,no,yes,C,7.9,1.6,11.4,2492.0,May,58,441606
HP100389,216.9,5,3.4,8,18,1998,Green Hills,studio,good,no,yes,yes,yes,B,10.0,0.5,5.4,4341.0,Jan,39,957290
HP100259,60.0,1,1.0,14,21,1978,Industrial,apartment,good,no,no,no,yes,B,4.5,5.1,13.2,2408.0,Jul,72,217570
HP100836,88.6,1,1.2,1,11,2015,Airport,house,excellent,yes,yes,no,yes,D,5.3,2.6,11.9,1658.0,May,43,397136
HP100614,126.0,3,2.4,24,31,1998,Suburb,house,good,yes,yes,yes,no,C,6.1,3.1,10.1,2660.0,Dec,61,701358
HP100391,57.5,2,1.4,4,13,2006,Suburb,house,new,no,yes,yes,no,C,7.1,0.6,9.8,2900.0,Mar,38,537088
HP100776,61.6,1,1.0,14,23,2021,Industrial,house,fair,no,yes,no,yes,E,4.1,4.8,14.1,2126.0,Aug,61,213710
HP101566,88.9,3,3.4,10,19,1970,Downtown,house,fair,no,yes,no,yes,D,7.8,2.7,0.2,3733.0,Feb,13,660181
HP101243,69.6,2,2.0,21,24,1981,Downtown,apartment,excellent,no,no,no,yes,C,7.9,2.4,0.8,3307.0,Jan,11,547328
HP101402,95.3,1,1.3,22,26,1974,Market,studio,excellent,no,yes,yes,no,C,5.2,4.7,5.4,2089.0,Oct,58,391249
HP101532,85.5,0,1.0,17,30,2001,University,apartment,fair,yes,yes,yes,yes,D,7.1,3.7,4.1,2264.0,Nov,94,404245
HP101286,85.2,3,2.3,22,33,1978,Business Bay,apartment,fair,no,yes,yes,yes,C,8.6,2.9,1.6,4657.0,Oct,43,661321
HP101266,62.0,2,2.8,13,22,1983,Suburb,apartment,excellent,no,yes,yes,yes,C,8.1,2.2,12.9,2806.0,May,20,519371
HP100930,100.6,2,1.0,3,7,2011,Old Town,apartment,good,no,yes,yes,yes,B,5.1,2.8,6.4,2916.0,Feb,68,420005
HP101404,75.3,3,2.2,18,19,1987,Suburb,studio,good,no,yes,no,yes,B,8.3,1.0,10.6,2841.0,May,78,476100
HP100821,71.6,0,1.0,6,19,1994,Industrial,studio,fair,no,yes,no,yes,C,,4.2,14.4,1779.0,Sep,85,190296
HP101479,129.0,5,3.7,1,4,2007,Business Bay,apartment,new,no,no,yes,yes,B,7.4,0.9,0.9,4960.0,Feb,18,961750
HP100412,49.6,2,2.3,1,11,1979,Downtown,townhouse,excellent,no,yes,yes,no,C,7.7,1.4,1.1,3234.0,Nov,50,637867
HP100938,107.1,3,2.4,6,10,2020,Green Hills,house,fair,no,yes,no,yes,,8.7,1.5,5.8,3368.0,Feb,62,755489
HP100304,123.3,5,4.0,25,33,2006,Green Hills,house,fair,no,yes,no,yes,D,8.5,0.7,6.8,3197.0,Aug,23,747652
HP100944,99.0,2,1.7,14,22,1987,Business Bay,apartment,good,no,yes,no,yes,D,8.6,1.5,3.2,4228.0,Aug,62,656002
HP101535,90.6,4,4.1,14,16,1983,University,apartment,good,no,yes,yes,yes,A,7.3,2.3,5.1,2332.0,Feb,43,667373
HP101571,64.8,1,1.0,23,27,1970,University,apartment,good,yes,yes,no,yes,A,8.4,3.1,5.6,2144.0,Aug,78,462634
HP100032,64.1,2,2.5,2,7,1997,Old Town,apartment,good,yes,yes,yes,yes,D,6.4,4.9,3.2,2480.0,Apr,56,475804
HP100207,121.1,4,3.7,2,15,1988,Riverside,apartment,good,no,yes,no,no,E,8.3,1.0,6.9,3019.0,Jul,87,615119
HP100791,189.6,6,3.7,1,7,1996,Business Bay,studio,good,no,yes,no,no,B,9.1,1.5,3.0,3932.0,Feb,35,947092
HP100504,92.2,2,2.3,4,16,2016,University,apartment,good,no,yes,no,yes,D,7.5,2.1,5.1,2605.0,Oct,49,563034
HP101781,84.3,2,2.7,20,29,1979,Airport,townhouse,good,no,no,yes,yes,D,5.5,5.0,11.7,2108.0,Jun,64,392353
HP101366,67.4,0,1.0,20,22,2005,Suburb,apartment,good,no,yes,no,yes,C,7.3,2.4,12.1,,Oct,59,422039
HP101498,97.9,3,2.6,4,15,1988,Old Town,house,good,no,no,no,no,B,7.0,2.5,4.3,2839.0,Sep,43,574630
HP101012,65.5,2,2.4,19,24,1974,Business Bay,house,new,no,yes,yes,no,D,7.8,1.5,4.8,4030.0,Feb,41,681607
HP100360,55.9,0,1.0,15,21,1979,Market,apartment,fair,no,yes,yes,no,B,6.0,3.3,7.5,2428.0,Apr,63,374257
HP100500,151.9,4,4.0,1,2,2015,Riverside,studio,fair,no,no,no,no,C,7.0,3.6,8.5,3846.0,Aug,49,658410
HP100529,80.9,3,3.3,22,33,1972,Old Town,house,new,no,yes,yes,no,A,5.7,5.5,2.4,1409.0,Dec,84,537774
HP101016,169.3,4,2.4,8,22,2005,Riverside,apartment,fair,no,no,yes,no,A,8.9,1.7,6.9,3401.0,Feb,40,843676
HP100461,77.8,2,1.9,17,23,2018,Suburb,studio,new,no,no,yes,yes,D,8.2,0.7,11.4,3609.0,Aug,46,595169
HP101405,117.3,4,2.6,13,26,2005,Suburb,apartment,excellent,yes,yes,no,no,D,7.5,3.0,9.6,2443.0,Oct,79,666188
HP101191,75.0,2,2.3,13,26,2017,Business Bay,townhouse,good,no,yes,no,no,C,8.0,0.5,1.7,3968.0,Nov,74,617284
HP101270,51.9,2,2.0,1,9,1972,Market,apartment,fair,yes,yes,no,no,D,6.3,4.2,3.1,1699.0,Feb,54,290414
HP101045,64.8,3,3.5,12,19,1998,Old Town,house,poor,no,yes,yes,yes,C,5.7,3.4,3.6,2816.0,Jun,82,567643
HP100970,163.0,5,4.5,22,25,1968,Suburb,apartment,poor,yes,yes,no,no,C,7.7,1.8,11.3,3365.0,Jun,23,1485778
HPDUP007,115.6,1,1.0,25,31,1999,Industrial,studio,good,no,no,no,yes,C,3.7,6.4,14.0,2164.0,Jan,74,279099
HP100167,72.2,3,2.6,24,29,1999,Airport,townhouse,fair,yes,yes,no,yes,B,5.3,3.8,12.4,1382.0,Feb,52,377898
HP101727,117.0,4,3.7,8,12,2008,Green Hills,apartment,new,yes,no,no,yes,E,9.7,0.5,6.7,4257.0,Mar,46,854001
HP101401,84.0,2,1.9,13,22,2024,Downtown,studio,fair,no,yes,no,yes,C,8.1,2.2,2.3,3080.0,Jul,52,609316
HP101027,59.3,1,1.8,19,32,1984,Old Town,apartment,new,yes,yes,no,yes,C,5.8,3.5,2.9,2711.0,Sep,29,481507
HP101645,48.8,3,2.6,14,21,2011,Business Bay,apartment,poor,yes,yes,no,yes,B,9.0,1.8,3.7,3553.0,Sep,29,571168
HP100757,172.6,4,2.9,16,19,2000,Market,apartment,good,yes,yes,yes,yes,E,6.1,2.7,3.7,2512.0,Aug,42,761902
HP101767,120.9,4,4.1,19,29,2023,Downtown,house,excellent,yes,yes,yes,yes,C,6.9,2.1,0.2,3658.0,Nov,23,927768
HP101476,69.1,2,1.9,24,25,2011,Business Bay,house,excellent,yes,no,no,yes,C,7.5,2.8,3.1,3715.0,Jun,49,644009
HP101269,47.4,1,1.4,1,11,1998,University,apartment,poor,yes,yes,yes,yes,E,6.5,4.8,6.0,2460.0,Nov,70,353490
HP101799,128.7,3,2.5,24,32,1993,Industrial,apartment,excellent,no,yes,no,yes,B,4.0,,15.6,1367.0,Jul,68,509376
HP100163,88.3,1,1.9,7,19,1985,Downtown,apartment,new,no,yes,no,yes,C,,2.2,1.0,4035.0,Mar,44,610985
HP101618,69.8,3,2.4,4,18,1965,Market,apartment,,no,no,yes,yes,C,6.5,2.1,4.6,2323.0,Dec,66,450420
HP101740,103.0,5,3.2,19,23,1971,Suburb,studio,fair,no,yes,yes,yes,C,8.1,1.5,9.6,3016.0,Nov,68,557036
HP100986,52.1,1,1.0,1,5,2025,Old Town,house,good,no,yes,yes,no,D,5.5,5.9,5.0,3246.0,Jul,73,329954
HP100649,96.1,3,2.5,7,14,2012,Downtown,house,good,no,yes,no,no,D,7.4,1.4,0.2,3599.0,Feb,38,637498
HP100689,77.7,2,2.4,3,3,1984,University,house,good,no,no,no,no,B,7.4,3.3,4.8,2499.0,Jul,43,509621
HP101353,88.8,1,1.6,19,29,2025,Old Town,apartment,good,yes,yes,no,no,B,5.5,3.2,3.4,2199.0,Oct,40,398387
HP101559,86.9,3,2.4,14,18,1996,Green Hills,house,good,yes,yes,yes,yes,E,9.2,1.1,7.5,4451.0,Sep,55,764802
HP101750,48.3,2,2.7,15,25,2015,Industrial,townhouse,new,yes,yes,no,no,D,4.3,3.9,14.0,1639.0,Mar,41,194370
HP100818,106.6,3,3.2,12,15,1972,Industrial,townhouse,excellent,no,yes,yes,yes,B,4.6,6.2,15.3,2393.0,Dec,60,482701
HP100524,88.7,2,1.7,25,32,1999,Downtown,apartment,good,no,yes,yes,yes,E,7.7,2.5,3.5,3032.0,Jun,36,554062
HP100812,106.3,4,2.0,8,10,2023,Market,house,good,no,no,yes,yes,C,4.8,6.5,2.1,2051.0,Jul,75,568787
HP101486,65.7,1,1.0,21,24,1994,Market,house,excellent,no,yes,yes,no,,5.9,4.8,3.2,1676.0,Aug,62,479080
HP100107,127.7,3,2.4,11,18,1985,Suburb,apartment,excellent,no,yes,yes,yes,E,6.5,1.6,8.9,2587.0,Sep,56,637907
HP101332,64.7,1,1.0,22,32,2011,University,apartment,poor,no,no,no,no,B,6.0,5.0,5.4,2956.0,Feb,63,382223
HP100581,116.8,4,3.9,19,26,1987,University,apartment,good,yes,yes,yes,yes,E,7.5,2.7,6.8,2064.0,Mar,43,492751
HP101139,82.9,1,1.3,12,15,1965,Riverside,apartment,good,yes,yes,yes,no,C,7.8,2.9,4.6,3046.0,Mar,47,586779
HP100754,52.8,0,1.2,24,24,1975,Riverside,apartment,fair,no,yes,no,no,D,8.5,2.2,8.4,3393.0,Nov,47,307319
HP100758,99.4,2,1.9,12,13,1994,Downtown,house,good,no,yes,yes,yes,A,8.0,0.5,1.3,3941.0,Feb,55,782083
HP101704,121.7,3,3.0,20,21,1966,Business Bay,house,fair,no,yes,yes,no,E,7.2,0.6,3.8,4160.0,Apr,72,750205
HP100282,117.8,3,2.1,13,26,1982,Suburb,house,poor,no,yes,no,yes,C,7.7,1.8,10.4,3307.0,May,55,581190
HP100156,106.2,3,1.7,20,21,1985,Suburb,house,fair,yes,yes,yes,yes,A,6.2,5.6,8.2,2432.0,Mar,53,631702
HP100191,107.4,2,1.0,9,10,2023,Suburb,house,good,yes,yes,no,yes,D,7.0,2.5,11.3,3022.0,Sep,71,547230
HP100111,60.2,2,2.2,11,12,1974,Suburb,apartment,good,no,yes,yes,yes,A,,4.6,10.9,2077.0,Oct,25,362530
HP100063,51.5,2,1.9,6,17,1995,Airport,house,good,yes,yes,no,yes,C,,7.5,12.7,2314.0,Feb,48,393124
HP100628,146.9,4,1.7,5,12,2017,University,house,excellent,no,no,no,no,D,8.7,1.1,2.3,2056.0,Jan,41,760457
HP100168,57.5,2,1.0,20,26,1999,Old Town,house,excellent,no,yes,yes,no,A,4.5,5.6,2.0,2016.0,May,41,526013
HP101014,120.9,4,2.7,9,12,1980,Old Town,apartment,good,no,no,yes,no,E,6.3,4.3,3.0,2621.0,Jan,55,516160
HP100006,76.0,1,1.0,1,9,1973,Airport,apartment,good,yes,yes,no,yes,B,4.9,4.3,9.7,1709.0,May,70,274041
HP101195,69.2,1,1.3,16,23,2019,Suburb,house,good,no,yes,yes,no,B,7.1,3.8,10.4,1808.0,Nov,80,445512
HP100016,140.7,4,3.1,11,19,2019,University,townhouse,good,yes,yes,yes,no,E,6.5,4.1,6.4,2524.0,Jul,55,650908
HP100158,51.1,1,1.0,25,36,1991,Riverside,townhouse,good,no,yes,no,no,C,6.0,1.3,5.8,3534.0,Oct,75,477170
HP100788,86.0,2,1.5,22,31,1991,Airport,apartment,excellent,no,yes,yes,yes,B,6.9,2.0,12.0,1915.0,Nov,46,503924
HP100669,99.1,3,3.8,1,9,2018,Business Bay,apartment,good,yes,yes,no,yes,C,8.8,1.0,4.0,4415.0,Dec,67,763420
HP101375,49.0,2,3.1,25,34,2017,Downtown,apartment,good,no,yes,yes,yes,B,7.0,2.4,0.2,4740.0,Feb,62,677262
HP101639,61.4,1,1.0,21,31,1982,Riverside,house,fair,no,yes,no,no,C,9.2,0.9,7.8,3993.0,Jan,5,504708
HP101133,78.3,3,2.7,2,8,1975,Riverside,studio,fair,no,yes,yes,yes,C,9.1,0.5,6.1,3898.0,Mar,42,552098
HP100831,36.3,0,1.0,12,26,1984,University,house,new,no,no,no,no,B,,0.8,6.2,2497.0,Apr,77,288872
HP101589,62.8,2,1.6,14,15,1998,Suburb,apartment,excellent,no,yes,yes,no,C,8.3,1.3,9.7,3412.0,May,35,531068
HP101362,104.5,3,1.8,1,9,2013,Industrial,apartment,excellent,no,yes,yes,no,D,4.2,4.5,15.6,2057.0,May,79,427906
HP101544,57.5,1,1.0,9,14,1983,Business Bay,house,good,no,no,yes,yes,C,9.0,1.0,1.3,4102.0,Oct,43,1310746
HP100615,64.0,1,1.2,20,22,2010,Riverside,apartment,good,no,yes,yes,yes,D,8.9,1.8,6.8,3573.0,Jan,24,563452
HP101545,116.1,2,2.1,24,37,2014,Business Bay,house,poor,no,no,yes,yes,C,8.1,2.4,2.7,4579.0,Aug,51,783567
HP100576,64.0,3,1.9,20,21,2022,Green Hills,townhouse,good,no,yes,yes,yes,C,8.4,1.4,6.5,3823.0,Apr,34,640434
HP100767,71.8,1,2.2,15,22,1989,Downtown,apartment,good,no,yes,no,yes,B,7.7,1.6,0.8,3464.0,Jul,18,619505
HP101394,63.8,2,1.2,5,11,1966,Green Hills,house,excellent,no,no,yes,no,B,8.6,0.5,6.8,3946.0,Aug,22,574828
HP101376,56.3,0,1.0,9,19,1993,Industrial,townhouse,good,no,yes,yes,yes,B,3.9,6.1,16.7,1098.0,Nov,73,295402
HP100231,120.5,4,3.0,1,5,2010,Business Bay,house,good,no,no,no,no,D,6.9,4.2,2.6,3813.0,Jan,46,700509
HP100468,63.0,1,1.9,4,5,1976,Suburb,house,excellent,no,no,yes,no,D,7.5,1.9,11.2,3026.0,Oct,55,477249
HP101395,103.6,2,1.7,10,24,2015,Suburb,apartment,good,no,yes,no,yes,C,6.1,5.5,10.5,2898.0,Jul,41,531638
HP100418,99.6,2,2.2,11,20,2007,Suburb,studio,good,yes,yes,yes,no,D,7.0,2.5,9.6,2225.0,Sep,60,469304
HP101416,165.3,4,3.4,11,18,2009,University,apartment,fair,no,yes,yes,yes,B,6.9,1.2,6.2,2602.0,Sep,54,758783
HP100618,57.4,0,1.5,23,30,2020,Suburb,apartment,fair,no,yes,no,no,E,7.5,2.4,8.2,1853.0,Dec,24,381681
HP100560,31.7,0,1.0,18,24,2024,Downtown,townhouse,good,no,yes,yes,no,D,6.7,3.3,0.5,4142.0,Jun,57,511404
HP100014,155.0,4,3.2,1,10,2018,Business Bay,townhouse,excellent,no,no,yes,yes,C,8.8,1.3,2.2,4719.0,Mar,6,973520
HP101052,109.3,2,1.1,13,14,1984,Suburb,townhouse,good,no,yes,yes,no,B,6.7,2.1,10.7,2112.0,May,46,591958
HP100502,75.8,2,1.7,4,10,1977,Market,house,good,no,yes,no,yes,B,6.2,4.9,2.6,2483.0,Feb,81,442061
HP101214,80.7,2,1.2,1,1,1968,Suburb,apartment,good,no,yes,yes,yes,C,7.6,2.3,9.6,2463.0,Jan,34,466058
HP101605,49.9,0,2.0,13,19,1976,Suburb,townhouse,good,yes,yes,yes,no,C,6.6,3.9,10.0,3148.0,Mar,53,401395
HP100976,64.8,2,2.3,4,10,1979,Business Bay,house,fair,no,yes,yes,yes,B,7.9,2.7,2.8,4283.0,Nov,49,714507
HP100112,136.5,4,2.6,19,19,2008,Old Town,studio,excellent,no,no,no,yes,B,5.3,5.8,3.2,2413.0,Jul,79,587519
HP101303,50.7,1,1.5,18,19,2005,Suburb,townhouse,good,no,yes,yes,no,D,7.0,2.1,10.4,3109.0,Jun,32,411634
HP100292,82.5,2,1.0,3,17,1990,Market,house,good,no,yes,yes,no,B,6.2,4.0,1.9,2364.0,Jan,76,523101
HP100704,158.7,4,3.2,25,33,2017,Suburb,apartment,good,no,no,yes,yes,D,6.7,5.3,8.6,3351.0,Dec,76,693312
HP100619,67.9,1,1.0,7,16,1991,Downtown,studio,excellent,no,yes,no,yes,D,6.4,3.4,1.1,4280.0,Aug,52,469147
HP100143,85.8,3,1.9,8,10,1998,University,apartment,excellent,no,yes,no,no,B,7.0,4.5,4.1,2503.0,Aug,77,512249
HP101741,53.4,1,1.8,5,16,1985,Suburb,house,good,no,yes,yes,no,E,7.0,3.0,8.4,3363.0,Oct,33,451199
HPDUP017,75.8,3,2.7,8,10,2002,University,house,good,yes,yes,no,yes,B,6.0,3.9,5.5,2551.0,Jan,54,524312
HP101104,56.2,1,1.0,3,14,2012,Suburb,apartment,good,yes,yes,no,yes,B,6.5,4.8,11.7,2900.0,Jan,94,365362
HP100342,73.3,2,1.5,4,18,1997,Airport,townhouse,good,no,yes,no,yes,C,4.8,4.6,13.4,931.0,Jul,22,430707
HP100923,59.4,1,2.2,20,34,1975,University,apartment,new,no,yes,no,no,,7.8,1.2,8.4,1918.0,Mar,26,535491
HP101312,139.5,3,3.6,19,32,2018,University,house,excellent,yes,yes,yes,yes,B,6.5,1.8,5.9,3025.0,Jul,67,893186
HP100202,101.8,3,2.0,20,30,1986,University,studio,good,yes,yes,yes,no,A,6.5,2.7,4.8,2788.0,Jun,74,576754
HP100211,108.9,3,2.3,15,22,2025,University,apartment,excellent,no,yes,yes,yes,A,7.3,2.4,4.5,2970.0,May,66,733739
HP101070,103.8,4,4.3,15,18,2018,Green Hills,house,good,no,yes,yes,no,D,9.3,0.5,7.0,3785.0,Jul,28,767057
HP101203,90.8,2,2.2,16,28,2012,Riverside,townhouse,poor,no,yes,yes,no,B,7.9,4.4,6.7,2855.0,May,76,581868
HP100973,75.8,1,1.0,6,12,1998,Green Hills,apartment,new,no,no,no,yes,E,8.3,3.7,9.4,3785.0,Sep,55,569965
HP101450,73.3,3,2.6,16,30,2022,Airport,studio,new,no,yes,no,no,B,3.8,8.1,11.5,2554.0,Jul,93,376880
HP100718,136.6,3,3.3,25,26,1986,Industrial,house,excellent,no,yes,no,yes,D,4.8,6.3,14.2,1150.0,Nov,47,533485
HP100003,109.9,3,1.7,8,21,2019,Riverside,house,fair,yes,yes,no,yes,C,8.8,2.7,6.4,2873.0,Nov,83,719123
HP100119,52.4,1,2.0,19,29,1972,Industrial,studio,fair,no,yes,no,yes,C,4.3,6.9,14.6,1687.0,Mar,66,85888
HP100917,98.9,4,3.3,22,31,1980,Suburb,studio,excellent,yes,yes,yes,yes,D,8.2,1.8,9.9,2379.0,Oct,64,689083
HP101743,93.8,2,1.2,10,10,1975,Market,apartment,good,no,yes,yes,yes,A,6.5,3.3,4.3,2487.0,Nov,41,558966
HP101764,48.0,2,1.6,14,28,2013,Suburb,studio,good,yes,yes,yes,yes,A,7.2,2.0,10.4,2435.0,Mar,50,438729
HP101064,74.9,1,1.4,14,16,2006,Old Town,apartment,excellent,yes,yes,no,no,D,,4.3,1.4,2574.0,Aug,78,442179
HP101594,79.7,2,1.1,3,14,1990,Green Hills,townhouse,excellent,no,yes,no,yes,D,9.5,1.8,9.6,4197.0,Sep,44,598506
HP101730,260.0,6,4.4,16,27,2023,Market,apartment,new,no,no,yes,no,C,6.0,2.7,5.4,2348.0,Feb,78,1069344
HP101129,62.3,3,2.3,5,17,1966,Market,house,good,yes,yes,yes,yes,C,6.1,4.9,4.8,2215.0,Aug,80,460325
HP101041,102.1,3,1.5,13,18,1980,Industrial,apartment,fair,yes,yes,yes,yes,C,4.1,6.6,14.5,2083.0,Nov,78,343041
HP100074,84.0,3,2.2,10,14,2013,Downtown,studio,good,no,no,yes,yes,C,7.7,1.3,0.6,3166.0,Feb,69,594952
HP100977,59.2,1,1.3,11,13,2010,Business Bay,house,good,no,yes,no,yes,C,8.0,2.2,2.3,3728.0,Mar,78,699132
HP101319,64.8,1,1.8,6,18,2012,Green Hills,apartment,new,yes,yes,no,no,B,9.2,0.5,6.5,4226.0,Oct,26,767822
HP100086,50.5,0,1.0,7,16,1966,Riverside,apartment,good,no,yes,yes,no,C,8.3,,6.6,3802.0,Sep,45,421730
HP100174,112.5,2,3.0,3,9,2008,Suburb,apartment,good,no,yes,yes,no,C,6.0,4.1,11.6,2535.0,Jun,52,563094
HP101035,66.2,1,1.1,22,25,1982,Industrial,house,good,no,yes,yes,yes,C,3.3,5.4,14.9,,Jul,51,258823
HP101651,56.4,0,1.0,21,30,2002,Suburb,house,excellent,no,no,no,yes,E,8.2,2.4,10.4,3239.0,Oct,51,460857
HP100847,68.3,1,1.0,23,30,1968,Riverside,townhouse,good,no,yes,yes,yes,B,8.8,0.5,6.7,3310.0,May,61,593398
HP100182,57.2,2,1.9,1,5,1978,University,townhouse,good,no,no,no,no,C,6.9,2.9,6.1,2051.0,Feb,81,392465
HP100124,47.4,1,1.9,12,14,1989,Downtown,apartment,good,no,yes,no,no,C,8.0,1.8,3.9,3790.0,Jan,45,447103
HP100880,87.8,3,3.8,17,31,1976,Business Bay,townhouse,fair,yes,yes,yes,no,B,7.7,3.8,3.5,4897.0,Sep,42,710196
HP100904,132.9,4,4.1,16,29,1968,Market,house,fair,yes,yes,yes,no,D,5.6,5.6,4.8,2086.0,May,55,644612
HP100958,66.2,1,2.5,12,17,1989,University,house,good,no,yes,yes,no,C,6.5,,5.9,2365.0,Sep,58,453809
HP101249,98.5,3,2.5,23,29,2017,Market,apartment,good,no,yes,yes,no,D,6.5,1.5,4.0,2017.0,Jun,35,536868
HP101051,91.7,1,1.0,5,18,1987,Suburb,apartment,good,yes,yes,yes,no,B,7.1,1.6,11.1,2212.0,May,82,556829
HP100253,113.9,3,2.9,20,25,1990,Suburb,townhouse,excellent,no,yes,yes,yes,C,8.0,1.5,10.8,,Dec,67,747715
HPDUP013,99.5,3,2.5,22,23,1980,Old Town,apartment,excellent,yes,yes,yes,yes,A,5.5,5.5,3.4,1698.0,Jan,37,548412
HP101032,90.2,3,2.8,25,38,2009,University,house,good,yes,yes,no,no,,7.6,2.3,4.7,2622.0,May,64,649912
HP100657,64.5,1,1.9,4,14,1968,Old Town,apartment,good,,yes,yes,yes,B,5.6,4.9,2.5,2060.0,Feb,13,311420
HP101441,38.2,0,1.1,10,22,1986,Downtown,house,good,yes,yes,no,yes,A,6.0,3.7,1.7,3776.0,Feb,45,427154
HP101430,144.9,3,2.3,23,31,1970,Market,apartment,excellent,no,yes,no,yes,A,6.3,3.7,1.6,2639.0,Jan,80,662121
HP101127,85.0,2,2.8,12,12,1971,Riverside,house,new,no,no,no,yes,C,7.6,1.9,6.7,3158.0,Feb,71,662730
HP101316,56.6,1,1.0,2,10,1975,University,apartment,excellent,yes,yes,yes,yes,B,7.7,2.9,5.0,2493.0,Dec,39,494910
HP100865,96.4,3,2.7,17,26,1971,Green Hills,townhouse,new,no,yes,no,no,B,8.5,3.0,7.3,3421.0,Nov,43,741284
HP101304,71.6,2,2.1,8,15,1998,Green Hills,house,excellent,yes,yes,yes,yes,C,9.0,0.6,7.7,3964.0,May,52,780698
HP100509,59.3,2,1.9,11,23,1966,Downtown,studio,fair,no,no,no,yes,D,8.4,,0.5,3053.0,Mar,47,415373
HP101477,66.2,1,1.1,11,15,2004,Market,house,good,no,yes,no,no,D,7.5,1.7,1.7,1911.0,Oct,76,415869
HP100433,84.3,2,2.2,6,11,1966,Green Hills,studio,good,yes,yes,yes,yes,C,9.9,0.5,5.7,3728.0,Feb,40,617303
HP100336,51.2,2,2.4,14,19,2021,Downtown,apartment,excellent,no,yes,yes,yes,B,7.5,2.1,0.2,4022.0,Mar,7,589216
HP100057,83.3,1,1.0,23,25,2024,University,apartment,good,no,yes,no,no,C,6.6,2.6,4.3,3326.0,Sep,32,467397
HP101256,75.2,3,2.6,16,28,2004,Airport,house,good,yes,yes,yes,yes,C,4.0,5.5,14.0,1941.0,May,78,434627
HP100416,97.9,3,1.7,5,15,1978,Suburb,apartment,excellent,no,yes,yes,yes,D,,3.7,10.6,2965.0,Jun,45,479646
HP101457,30.2,1,1.0,3,9,2001,Business Bay,apartment,new,no,yes,no,yes,B,6.9,1.7,3.9,3729.0,Sep,94,491907
HP100967,93.4,1,1.0,24,32,1974,Suburb,house,fair,yes,yes,no,yes,,6.4,1.4,11.7,2552.0,May,35,474671
HP100655,107.8,3,2.2,14,21,1993,Old Town,house,fair,no,yes,yes,yes,C,6.7,4.0,2.9,1853.0,May,48,558358
HP101178,81.8,2,2.3,6,9,1995,Suburb,house,good,no,yes,no,yes,B,8.5,2.0,9.6,3126.0,Apr,76,614416
HP100717,146.2,4,3.5,7,11,1982,Downtown,apartment,good,no,yes,yes,yes,A,6.4,4.3,1.2,4327.0,Jul,41,782726
HP101234,119.0,3,2.7,19,27,2004,Suburb,studio,new,no,no,yes,yes,C,8.1,3.4,11.1,3086.0,Jun,62,676569
HP100522,65.8,2,1.7,7,11,1997,Suburb,apartment,fair,no,yes,yes,yes,C,6.8,3.5,11.7,2420.0,Dec,52,361038
HP101464,107.0,3,1.5,5,9,1989,Industrial,apartment,good,no,yes,no,no,D,4.2,6.1,15.2,1710.0,Oct,113,291566
HP100746,71.7,2,1.3,12,20,1979,Old Town,studio,good,yes,yes,no,yes,C,4.4,4.4,2.2,1212.0,Sep,84,347253
HP101751,40.0,0,1.1,6,12,2007,Suburb,house,excellent,no,no,yes,yes,B,7.9,1.5,10.5,3329.0,Aug,52,445878
HP101291,68.0,2,1.0,19,23,1984,Industrial,studio,good,no,yes,yes,no,B,4.4,6.3,14.6,2479.0,May,42,233051
HP101595,78.3,1,1.0,3,7,1967,Riverside,studio,new,no,yes,no,yes,D,8.0,2.1,6.8,3206.0,Nov,58,520852
HP100738,63.4,1,1.0,20,22,2025,Business Bay,apartment,fair,no,yes,no,yes,D,7.2,2.1,3.0,3795.0,Apr,53,539069
HP100854,47.4,2,1.9,17,18,1967,Suburb,apartment,good,no,yes,yes,no,D,8.8,2.2,9.9,2794.0,Jun,27,377098
HP101050,26.6,2,1.9,8,11,2012,Industrial,apartment,fair,,yes,no,yes,B,3.1,6.9,17.0,1266.0,Feb,75,98837
HP100261,102.0,2,1.0,23,34,1980,Green Hills,apartment,fair,no,yes,yes,no,D,7.9,0.5,6.9,4641.0,Oct,71,599480
HP100018,102.4,3,2.3,3,8,2024,Green Hills,house,good,no,yes,no,no,E,10.0,1.4,8.0,3846.0,Oct,43,682146
HP100939,218.8,6,4.5,5,10,2016,Downtown,house,fair,no,yes,no,yes,A,8.3,0.8,0.8,3212.0,Aug,65,1134488
HP100015,79.8,2,2.0,1,15,1988,Suburb,house,good,no,yes,no,yes,C,7.6,0.8,11.5,2352.0,Aug,50,501536
HP101624,79.9,1,1.5,10,24,1976,Business Bay,apartment,good,yes,yes,yes,yes,D,8.8,0.5,2.0,4199.0,Sep,61,690817
HP101061,33.9,1,1.2,2,3,1968,Industrial,house,excellent,no,yes,yes,yes,E,4.1,5.3,14.7,1698.0,Mar,61,234582
HP101352,194.1,5,3.9,2,7,2024,Suburb,apartment,new,no,yes,yes,yes,D,6.9,2.0,10.7,1698.0,Apr,30,885756
HP101431,98.0,3,3.9,5,5,1989,Industrial,apartment,poor,no,no,no,yes,C,4.1,6.1,13.6,1722.0,Oct,67,396875
HP100030,157.6,3,3.5,18,23,2024,Riverside,house,good,no,yes,yes,yes,B,8.4,1.4,6.9,3646.0,Jun,21,922561
HP100523,80.2,1,1.4,6,13,1978,Industrial,apartment,excellent,yes,yes,no,yes,,4.5,,14.4,1761.0,Dec,88,335057
HP101680,88.0,2,2.6,17,18,1965,Riverside,apartment,excellent,no,yes,yes,no,D,8.6,1.4,7.5,2888.0,Mar,67,562420
HP101490,45.7,2,3.0,9,11,1972,Downtown,apartment,good,no,yes,no,no,C,7.8,3.0,0.2,,Jul,51,478067
HP100837,49.1,1,1.4,7,7,1996,Market,apartment,fair,no,no,no,yes,C,6.1,3.0,5.0,2217.0,Dec,34,240767
HP100271,87.0,3,2.7,18,23,1979,Suburb,apartment,excellent,no,yes,yes,no,A,7.3,3.0,10.5,2974.0,May,39,583472
HP100401,66.9,1,1.1,2,3,1978,Green Hills,studio,excellent,no,no,yes,yes,C,9.0,1.5,8.0,3140.0,Apr,36,540799
HP101582,59.7,1,2.0,9,10,1975,Business Bay,studio,fair,no,yes,no,yes,B,8.0,1.8,3.4,4287.0,Dec,35,510339
HP100177,51.8,1,1.5,19,25,1999,Market,studio,fair,no,yes,yes,no,B,6.3,2.3,3.8,2118.0,Jun,61,405626
HP101190,100.5,2,1.1,1,9,2024,Business Bay,townhouse,good,no,no,no,yes,B,7.4,2.2,3.1,3917.0,Oct,72,651044
HP101054,82.4,2,1.5,1,3,2002,Suburb,townhouse,excellent,no,yes,no,yes,A,5.8,2.0,10.7,2221.0,May,26,593480
HP101213,75.6,0,1.1,5,14,2009,Old Town,house,new,yes,yes,no,yes,D,5.5,4.6,1.5,2267.0,May,53,563224
HP100316,80.0,0,1.5,5,16,2018,Old Town,apartment,fair,yes,yes,no,yes,C,5.2,6.5,3.3,2183.0,Nov,36,375021
HP101323,99.8,3,2.5,6,13,1971,Airport,apartment,excellent,no,yes,no,no,A,5.7,4.3,11.4,1783.0,Nov,73,491514
HP100313,55.8,3,3.2,5,5,2008,Old Town,house,good,no,no,no,yes,A,5.1,5.7,2.7,2312.0,Nov,60,424057
HP100028,77.4,2,1.8,1,4,1981,Suburb,studio,good,yes,no,yes,yes,D,6.8,2.4,9.1,2036.0,Jun,58,386190
HP101601,79.4,2,2.8,1,8,2007,Suburb,townhouse,fair,yes,yes,no,yes,A,6.8,1.9,10.4,2292.0,May,17,600857
HP100356,71.1,2,1.5,20,21,1978,Airport,apartment,good,no,yes,no,yes,C,5.8,4.8,14.0,2129.0,Aug,56,328797
HP100983,70.8,1,2.3,15,23,2014,Business Bay,apartment,excellent,yes,yes,yes,no,E,7.7,2.5,2.5,4447.0,Oct,80,664346
HP101174,130.4,4,3.1,17,24,2023,University,house,excellent,no,yes,yes,yes,A,7.2,5.3,5.3,2508.0,May,76,937831
HP101202,95.5,3,3.8,9,13,2020,Green Hills,apartment,good,no,yes,yes,yes,A,8.9,1.8,6.6,4038.0,Apr,43,775456
HP100664,135.3,3,2.7,10,23,1968,Old Town,apartment,good,no,no,no,yes,C,7.2,1.8,2.1,1884.0,May,55,535070
HP100307,79.0,1,1.4,24,37,2005,Industrial,studio,excellent,no,no,no,no,C,3.5,7.8,15.5,1113.0,Jul,63,199970
HP100769,162.9,3,1.7,11,11,2000,Industrial,studio,new,no,yes,no,no,C,4.5,6.6,14.4,1332.0,Jan,79,483024
HP100266,59.8,3,2.6,11,13,1967,Suburb,house,good,no,yes,yes,no,C,7.3,4.2,10.1,3199.0,Jun,44,516669
HP100456,93.6,2,1.6,5,7,1965,Market,studio,good,no,no,no,yes,A,5.6,2.7,3.5,1622.0,Mar,35,365965
HP100329,35.3,0,1.3,22,23,1979,Suburb,apartment,excellent,yes,yes,yes,yes,D,6.9,3.4,10.8,3351.0,Dec,65,338646
HP101422,111.7,2,2.6,2,2,1977,Business Bay,townhouse,fair,no,yes,yes,no,B,7.6,1.3,1.1,4301.0,Sep,23,799587
HP101072,44.8,1,1.6,11,21,2002,Business Bay,apartment,good,no,yes,yes,no,C,7.7,3.6,1.0,3683.0,Nov,56,525281
HP101053,101.4,4,3.0,17,17,1970,Suburb,apartment,fair,no,yes,no,no,E,7.9,3.4,11.0,3094.0,Apr,57,494079
HP100684,63.0,2,2.2,15,15,1989,Industrial,townhouse,fair,yes,yes,yes,yes,D,5.6,2.4,14.3,1114.0,Dec,41,350465
HP100835,55.4,1,2.2,15,23,2007,University,apartment,good,no,no,no,yes,B,7.1,2.1,5.1,2702.0,Oct,59,400922
HP101682,68.2,2,2.2,20,23,2005,Riverside,townhouse,excellent,no,yes,no,no,C,8.4,0.6,7.0,3265.0,Aug,38,607483
HP100569,85.0,3,1.6,9,16,2012,University,house,fair,yes,no,yes,yes,B,7.1,3.0,5.1,2877.0,Nov,42,1324785
HP100817,126.2,2,1.5,9,23,1967,University,townhouse,good,no,yes,no,yes,B,6.1,4.3,4.2,2510.0,May,52,576869
HP100285,64.4,3,3.5,22,24,1988,Business Bay,apartment,excellent,no,yes,no,yes,,8.2,1.3,1.6,4365.0,Apr,71,647782
HP101360,122.2,3,2.7,6,17,1969,Industrial,studio,fair,no,yes,yes,yes,B,4.8,6.2,16.9,1765.0,Jun,97,324052
HP101633,52.2,2,1.0,15,27,1982,Riverside,apartment,poor,no,no,yes,no,D,8.1,,8.2,3497.0,Mar,56,398629
HP100081,68.9,3,2.4,4,18,2022,Business Bay,house,good,no,yes,no,yes,,7.4,1.3,4.9,4416.0,Sep,69,719901
HP100233,140.3,3,2.9,7,9,1982,Industrial,apartment,fair,no,no,yes,no,E,5.0,1.9,14.3,2031.0,Feb,64,475113
HPDUP009,143.3,4,2.8,1,14,2020,Market,apartment,excellent,yes,no,no,yes,E,6.7,2.5,5.6,2069.0,Feb,97,656181
HP101374,105.9,2,2.1,9,14,1969,Market,house,poor,yes,yes,no,no,C,4.7,2.2,4.8,2109.0,Feb,74,459064
HP101371,156.8,3,2.3,16,23,1979,Market,house,poor,no,yes,yes,yes,B,5.6,3.3,3.2,1863.0,Mar,41,625923
HP100044,112.5,2,1.8,6,6,1980,Green Hills,apartment,good,no,no,no,yes,C,9.8,0.5,7.4,4122.0,Jan,87,648301
HP100273,71.0,1,1.2,22,30,1982,Industrial,townhouse,,no,no,no,yes,B,3.4,5.8,18.7,1656.0,Mar,83,228312
HP100895,81.3,3,1.5,2,7,1968,Green Hills,apartment,poor,yes,yes,no,yes,B,9.4,0.5,7.5,4241.0,Mar,17,558989
HP100825,131.1,3,2.9,3,9,1978,Downtown,apartment,fair,yes,yes,yes,yes,A,6.8,2.7,1.0,3338.0,Jul,52,772810
HP100436,83.5,3,2.6,1,9,1990,Suburb,apartment,fair,no,no,yes,yes,D,8.3,2.3,9.4,2832.0,Dec,31,458847
HP101583,58.1,0,1.0,3,6,2000,Suburb,house,excellent,no,no,no,yes,C,5.5,3.5,10.9,3711.0,Dec,66,427090
HP100203,95.3,1,1.1,20,21,1995,Suburb,house,,yes,yes,no,no,D,6.9,2.5,10.0,2328.0,Dec,50,463770
HP100042,106.8,2,2.0,2,16,1994,Riverside,apartment,fair,no,yes,yes,no,C,8.9,0.5,6.8,3647.0,Jan,43,642436
HP100442,67.4,2,1.6,25,37,1979,Riverside,apartment,fair,no,no,yes,yes,C,7.7,1.5,7.0,2904.0,Nov,36,478914
HP100780,77.5,3,1.8,11,21,1965,Suburb,apartment,excellent,no,yes,no,no,C,6.8,2.1,10.6,3341.0,Dec,83,462785
HP101491,100.6,2,1.1,17,23,1993,Green Hills,house,excellent,no,yes,no,yes,C,9.2,0.9,8.0,4660.0,Oct,62,750622
HP101788,152.1,3,3.5,24,36,1967,Green Hills,townhouse,fair,yes,yes,no,no,C,8.8,0.5,5.8,4049.0,Jan,25,786669
HP101712,98.4,2,1.0,10,20,1965,Market,studio,excellent,no,yes,yes,no,C,6.1,4.8,3.4,2057.0,Feb,74,409630
HP101090,57.3,1,1.0,13,22,2014,Suburb,apartment,excellent,no,yes,yes,yes,D,7.0,2.5,12.1,2626.0,Mar,90,436770
HP101681,54.9,0,1.3,16,16,2011,Green Hills,house,good,no,yes,no,no,D,9.5,0.5,5.6,,Mar,50,476156
HP100482,66.9,1,1.0,24,31,1973,University,apartment,good,no,yes,no,yes,A,6.7,1.9,6.3,2420.0,Jul,70,383230
HP101505,129.7,2,2.7,9,16,1987,University,apartment,good,no,yes,yes,yes,D,7.5,1.3,3.3,1813.0,Oct,73,608303
HP100697,81.4,2,2.3,25,36,1986,Industrial,apartment,excellent,no,yes,yes,no,C,4.8,4.3,15.0,1850.0,Mar,53,413423
HP100541,112.3,3,2.3,22,28,1975,University,apartment,good,no,yes,no,yes,A,6.5,1.5,5.0,2748.0,Apr,53,679241
HP101354,54.5,1,1.5,7,17,2003,Green Hills,apartment,new,no,no,no,yes,C,9.9,0.5,7.8,4257.0,Mar,62,1164687
HP100538,106.4,2,2.3,9,15,1968,Suburb,house,excellent,no,yes,no,no,B,7.9,2.7,8.9,2986.0,May,68,635145
HP100520,197.5,5,4.5,9,11,1986,Green Hills,apartment,fair,no,yes,yes,no,D,9.4,0.5,6.7,3842.0,May,33,1804901
HP101729,90.3,2,2.6,9,12,2003,Business Bay,house,good,yes,yes,no,no,E,7.0,5.4,2.7,4463.0,Jun,66,765834
HP100594,105.9,4,,8,13,1973,Downtown,house,good,no,yes,no,yes,E,9.4,0.5,4.3,2914.0,Jun,60,744771
HP100912,79.7,1,1.4,13,25,1986,Green Hills,apartment,excellent,no,yes,yes,no,D,8.3,2.2,7.9,4108.0,Sep,43,619639
HP100662,38.6,0,1.0,20,21,1965,Suburb,apartment,fair,no,yes,yes,no,A,8.2,3.1,10.5,3338.0,Feb,68,241430
HP100222,66.3,2,1.6,3,13,1975,Industrial,apartment,excellent,yes,yes,yes,yes,C,5.0,5.9,15.2,1538.0,Aug,50,353379
HP100385,110.1,4,1.9,3,13,2005,Market,apartment,excellent,no,yes,yes,yes,,5.9,4.3,4.7,2490.0,Mar,47,563438
HP101785,63.0,0,1.0,19,19,1992,Green Hills,townhouse,good,no,yes,yes,yes,D,8.9,0.5,7.4,4202.0,Aug,23,604892
HP101043,53.1,1,1.1,6,14,2007,Industrial,apartment,excellent,no,yes,yes,no,B,4.3,6.3,15.3,2201.0,Oct,58,262155
HP100172,232.3,5,3.5,11,17,2012,Suburb,townhouse,good,no,yes,yes,yes,C,6.0,7.0,11.7,2407.0,Sep,82,988360
HP101711,77.1,2,2.3,25,36,2000,Old Town,house,good,no,yes,no,no,D,5.3,4.2,4.9,2250.0,Apr,92,439263
HP101410,134.9,4,3.2,18,22,1977,Green Hills,apartment,excellent,yes,yes,no,yes,D,9.1,2.5,6.7,3660.0,Feb,67,835141
HP101361,106.7,2,3.1,2,10,1988,Old Town,studio,fair,no,yes,yes,yes,C,5.7,1.9,0.4,2233.0,Jan,61,495026
HP101602,65.4,1,2.1,6,19,1994,Riverside,house,new,no,no,no,no,C,7.8,1.6,6.9,3095.0,Jan,17,646183
HP100997,64.4,2,1.4,18,24,2007,Downtown,apartment,good,no,yes,no,yes,C,8.3,4.6,1.5,3488.0,Apr,35,613682
HP101643,38.3,1,1.0,16,27,1983,Suburb,apartment,good,no,no,no,yes,E,6.5,3.4,12.5,3402.0,Aug,37,211968
HP101663,66.5,0,1.0,12,22,1983,Suburb,apartment,fair,no,yes,no,no,C,8.4,0.5,10.3,2624.0,Jan,59,376504
HP100351,161.2,4,3.7,7,13,2005,Suburb,apartment,good,no,yes,no,yes,A,6.5,3.9,12.6,2484.0,Sep,64,718091
HP100855,68.4,0,1.0,4,9,1993,Business Bay,studio,poor,no,yes,yes,yes,E,,1.1,1.6,4505.0,Nov,56,378272
HP101779,149.2,5,4.5,16,22,2004,Business Bay,apartment,poor,yes,no,no,yes,B,8.7,1.9,2.8,3913.0,Dec,37,795326
HP101646,158.3,4,3.9,25,28,1965,Suburb,house,fair,no,yes,yes,yes,C,6.5,3.3,11.5,2739.0,Oct,67,673218
HP100681,45.9,2,1.4,16,22,2006,Suburb,apartment,excellent,no,no,yes,no,E,6.3,1.6,9.8,3124.0,Feb,58,381156
HP100579,43.8,1,1.8,11,16,2019,Old Town,house,good,no,yes,no,yes,C,6.0,4.2,1.6,1873.0,Jan,69,434792
HP100141,177.3,5,3.4,7,21,2011,University,apartment,good,no,yes,no,yes,C,7.2,,4.4,2336.0,Dec,47,738369
HP100910,91.4,2,2.5,24,29,1993,Airport,studio,new,no,no,yes,yes,A,4.8,5.8,12.3,1842.0,Feb,66,431518
HP100123,51.3,2,1.7,19,21,1980,Business Bay,apartment,excellent,no,yes,yes,no,D,8.1,1.5,3.7,4438.0,May,59,612282
HP101514,133.2,3,2.7,9,22,1972,Green Hills,apartment,fair,no,yes,yes,no,E,9.4,0.5,5.3,4110.0,Dec,37,746304
HP100783,79.7,2,3.1,8,8,2007,Industrial,apartment,excellent,no,yes,yes,yes,D,4.7,7.0,13.5,957.0,Nov,64,394055
HP100136,118.4,4,2.6,6,10,1967,Market,house,,no,no,yes,yes,C,4.6,5.3,4.2,1932.0,Apr,64,518424
HP101018,85.4,1,1.6,25,27,1994,Downtown,apartment,good,no,yes,no,no,C,7.5,2.0,1.2,3598.0,Nov,34,1268061
HP100025,97.9,2,2.4,4,12,2021,Suburb,apartment,good,yes,no,no,no,C,7.1,3.6,11.3,3116.0,Jan,74,486624
HP100491,102.4,2,1.2,18,27,2014,Industrial,house,good,no,yes,no,no,C,4.1,4.7,14.4,1335.0,Dec,47,394235
HP100982,93.8,3,2.5,4,7,2012,Riverside,house,good,no,yes,yes,yes,D,8.7,0.5,6.8,3659.0,Sep,45,647651
HP101453,97.4,1,1.0,4,6,1999,Market,house,good,no,no,yes,no,C,5.7,2.7,3.5,2318.0,Jun,28,559679
HP100630,88.8,3,3.1,14,25,2000,Market,townhouse,good,no,yes,yes,no,D,6.4,3.1,3.1,2171.0,Mar,50,625063
HP101026,42.3,2,2.2,21,28,1985,Market,house,good,no,yes,yes,yes,C,6.2,4.2,1.7,1953.0,Sep,69,445448
HP101598,160.1,3,2.1,19,28,2005,Airport,house,good,no,yes,yes,no,C,5.4,4.1,12.8,1847.0,Jul,44,658096
HP100946,129.4,3,3.3,5,7,2023,Riverside,apartment,poor,yes,yes,no,yes,C,8.0,1.1,7.3,3409.0,Aug,31,615230
HP101021,96.0,1,1.7,21,32,1979,Riverside,house,poor,no,yes,yes,yes,B,8.5,0.5,4.7,3160.0,Jan,25,619005
HP100671,74.5,1,1.6,7,9,1998,University,townhouse,fair,yes,yes,yes,no,C,5.8,1.1,3.6,2562.0,Apr,47,584175
HP101201,74.7,1,1.0,7,7,2009,University,house,good,no,yes,yes,no,C,7.2,2.3,5.5,2756.0,Mar,27,608032
HP100685,40.2,1,1.8,6,20,1976,Old Town,apartment,good,no,yes,no,no,B,4.3,5.9,3.3,1505.0,Feb,60,216156
HP101435,62.5,1,1.4,6,17,2001,Market,apartment,fair,no,yes,no,no,B,5.7,6.4,4.3,1675.0,Nov,82,363574
HP101565,67.2,1,1.7,22,36,2004,Business Bay,apartment,excellent,no,yes,yes,yes,B,8.0,2.6,3.1,3769.0,Sep,53,642479
HP100154,103.1,2,2.2,1,13,2013,Downtown,studio,fair,no,yes,yes,no,A,7.5,2.1,2.1,3909.0,Nov,76,633456
HP101386,86.5,1,1.0,19,19,2019,Riverside,house,good,no,yes,no,no,B,8.5,2.1,7.1,2913.0,Feb,51,499670
HP101390,115.4,2,1.7,18,28,2004,Market,apartment,good,no,yes,no,yes,B,5.6,3.7,4.8,2405.0,Mar,90,493031
HP100405,75.9,2,2.1,16,21,2013,Green Hills,house,fair,yes,no,no,yes,B,9.2,0.5,7.0,3734.0,Dec,28,596933
HP100932,145.8,5,4.5,8,17,2015,Business Bay,house,good,no,no,no,no,B,7.9,1.2,2.8,4256.0,Apr,47,1010329
HP100419,92.7,1,1.5,11,23,2017,Green Hills,apartment,good,no,yes,yes,no,B,8.6,1.5,4.5,4113.0,Aug,34,588050
HP101574,96.1,1,1.0,25,34,2009,Downtown,house,good,no,yes,no,yes,C,7.1,3.2,0.6,4346.0,Jun,35,716031
HP100726,57.5,0,1.0,16,23,1982,Suburb,studio,good,yes,yes,no,yes,A,7.3,2.3,10.1,3460.0,Jan,43,441104
HP100022,118.9,3,4.5,19,29,2022,Market,house,poor,no,yes,no,yes,B,5.8,4.5,4.0,2608.0,Aug,77,547529
HP100310,118.5,3,2.8,12,24,2007,Business Bay,house,excellent,no,no,no,no,A,8.0,1.5,1.9,4137.0,Jun,57,867534
HP100752,133.0,2,2.4,6,20,2014,Suburb,house,good,no,no,yes,yes,C,7.0,4.4,11.0,3132.0,Jul,71,713590
HP100721,93.3,3,3.3,13,22,2021,Business Bay,house,fair,no,yes,yes,yes,A,6.7,4.6,3.0,4473.0,Oct,66,804481
HP100709,100.4,3,2.5,9,18,2001,Business Bay,house,good,no,no,no,yes,,7.3,3.2,0.9,4211.0,Feb,88,741671
HP101610,102.8,1,2.0,11,13,1982,Suburb,house,good,no,yes,yes,yes,E,7.0,1.8,10.3,3215.0,Apr,42,506835
HP100799,83.9,3,2.3,13,14,2007,Riverside,studio,good,yes,no,no,yes,B,8.2,1.6,7.6,2452.0,Feb,42,576666
HP100596,67.1,2,2.8,24,31,1985,Riverside,apartment,poor,no,yes,yes,no,D,7.9,1.1,7.9,2781.0,Apr,77,415377
HP101251,128.1,2,1.6,9,21,2000,Downtown,apartment,excellent,yes,no,yes,no,C,7.2,1.5,2.5,3848.0,Feb,49,729747
HP100667,209.6,6,4.4,22,34,1999,Market,house,good,no,no,no,yes,A,6.3,4.4,3.3,965.0,Oct,55,1016502
HP100857,167.9,3,2.9,1,12,1974,Green Hills,house,fair,no,yes,yes,yes,C,8.1,0.6,9.6,3762.0,Jul,63,852643
HP100700,135.6,4,3.6,23,28,1996,Suburb,apartment,poor,yes,yes,yes,no,A,8.5,0.5,10.1,2377.0,Jun,61,788746
HP100383,96.7,1,1.0,20,20,1992,Business Bay,apartment,excellent,no,yes,no,no,B,8.1,1.0,2.6,4018.0,Dec,54,666407
HP100796,87.1,2,1.8,24,30,1976,Downtown,apartment,good,no,no,no,no,C,6.9,2.3,1.2,3892.0,Mar,44,375559
HP100365,146.1,5,3.8,17,22,1987,Business Bay,apartment,fair,no,no,yes,yes,D,7.9,3.2,1.3,4210.0,Apr,77,847479
HP100152,44.3,1,2.4,8,21,1978,Suburb,townhouse,excellent,no,yes,yes,no,C,6.8,2.4,8.4,3170.0,Dec,54,408866
HP101236,103.8,2,2.4,1,3,2013,Suburb,house,new,yes,no,no,yes,C,7.7,3.1,9.8,3070.0,Jul,60,672853
HP100043,62.6,1,1.0,10,24,1993,Old Town,studio,poor,no,yes,yes,yes,B,5.8,4.5,2.7,2227.0,Nov,61,249148
HP100853,113.3,4,4.2,3,5,1973,Green Hills,townhouse,new,no,no,yes,yes,,8.9,0.9,7.8,3760.0,Jun,55,871412
HP100908,58.5,1,1.0,6,9,1995,Suburb,apartment,new,no,yes,no,yes,,6.7,3.2,10.0,2831.0,Feb,36,451856
HP100160,57.5,1,2.5,24,26,2000,Downtown,house,fair,yes,yes,no,yes,C,6.9,2.0,0.2,3624.0,May,99,662996
HPDUP016,76.9,2,1.9,14,16,2002,Riverside,house,excellent,yes,no,yes,yes,B,8.0,1.3,5.7,3295.0,Jun,58,741566
HP101485,76.4,3,3.0,24,35,2005,Downtown,house,poor,no,yes,no,no,D,8.8,0.5,2.7,4098.0,Oct,56,632097
HP101348,61.5,1,1.7,14,25,2024,Business Bay,townhouse,fair,no,no,yes,yes,A,8.4,1.5,3.2,3329.0,Jun,68,650590
HP101169,65.4,1,1.8,11,13,2025,Downtown,apartment,excellent,no,yes,yes,yes,,6.9,2.6,0.2,3483.0,Mar,58,564031
HP100201,101.4,4,3.1,20,34,2015,Market,apartment,good,no,yes,no,no,,5.0,,4.8,1580.0,Sep,88,510220
HP100009,155.4,5,4.2,19,30,2013,Business Bay,apartment,good,yes,yes,yes,no,B,7.3,1.6,4.6,3484.0,May,73,928396
HP100654,128.2,3,3.3,3,6,2006,Green Hills,house,good,yes,yes,no,no,,9.3,0.5,10.1,3315.0,Feb,59,836628
HP100333,62.9,2,1.9,3,10,1987,Green Hills,studio,poor,no,yes,no,yes,C,7.6,2.5,8.6,4771.0,Aug,54,452692
HP100673,191.8,4,3.0,4,14,1982,Riverside,house,excellent,no,yes,yes,yes,C,8.8,2.1,5.4,2808.0,Jun,24,1077973
HP101200,119.1,2,2.2,7,17,1979,University,townhouse,good,yes,yes,no,yes,C,8.1,0.9,3.7,2337.0,Jul,77,614904
HP100396,71.5,2,,19,25,1995,Green Hills,apartment,excellent,no,yes,no,no,C,10.0,0.5,7.4,4056.0,Mar,58,624417
HP101078,114.2,4,3.9,7,19,2018,Industrial,house,excellent,yes,yes,yes,yes,D,5.4,6.1,14.2,1700.0,Jul,78,610662
HP100819,61.9,1,1.0,22,25,1979,Suburb,studio,fair,no,yes,no,no,B,7.3,1.0,10.5,2866.0,Jun,84,289551
HP101771,64.0,1,1.0,2,11,2021,Airport,apartment,good,no,yes,yes,yes,D,5.5,5.3,11.1,1668.0,Feb,56,221171
HP100724,86.6,4,3.2,20,34,1972,Downtown,studio,good,,yes,no,no,B,,1.0,1.8,3562.0,Dec,29,628709
HP101380,108.2,2,2.5,20,29,1984,Business Bay,studio,excellent,no,yes,no,no,D,8.8,1.3,1.2,3813.0,Dec,37,700892
HP100838,58.0,3,2.3,8,18,1969,Business Bay,townhouse,good,no,yes,yes,yes,D,8.0,1.9,3.2,3489.0,Dec,26,592250
HP100587,173.0,4,3.0,2,14,1987,Old Town,apartment,good,no,yes,yes,no,C,5.8,3.6,2.6,1845.0,Mar,83,724444
HP100487,200.5,6,4.5,23,33,1969,Suburb,townhouse,excellent,no,no,yes,no,B,7.9,1.1,11.7,3095.0,Jun,31,895982
HP101623,102.3,2,2.2,20,21,1987,Downtown,apartment,good,no,yes,yes,yes,C,9.4,1.4,2.6,3938.0,Aug,3,673158
HP100719,107.5,2,1.2,17,26,2023,Market,apartment,excellent,yes,yes,no,no,B,5.7,4.2,4.3,2084.0,Dec,48,610171
HP101197,61.2,1,1.0,21,31,2013,Industrial,apartment,fair,no,yes,no,no,D,4.8,4.0,14.2,1883.0,Mar,67,155165
HP100548,91.7,2,1.6,16,19,1978,Airport,apartment,fair,no,yes,yes,no,D,5.1,4.7,13.1,1572.0,Jun,71,340189
HP100887,154.1,4,2.9,4,7,1975,Suburb,house,fair,no,yes,yes,no,A,8.0,1.0,10.8,2960.0,Nov,49,776398
HP100126,82.7,3,2.8,16,25,1998,Old Town,apartment,new,yes,yes,no,yes,C,5.8,4.5,3.9,2151.0,Jan,73,593183
HP100693,75.1,2,2.1,3,6,1977,Old Town,studio,good,no,yes,yes,no,C,5.5,4.5,1.2,1477.0,Oct,55,389143
HP100373,65.0,1,1.2,15,23,1990,Old Town,apartment,excellent,no,yes,no,yes,D,7.1,1.5,3.8,2023.0,Jun,31,443068
HP100742,152.1,3,2.4,20,29,2024,Green Hills,apartment,good,no,no,yes,no,A,9.4,0.8,9.1,3802.0,Oct,31,843365
HP100390,46.7,2,1.0,11,20,1984,Industrial,apartment,good,no,yes,yes,no,C,5.5,6.0,12.8,1904.0,Oct,42,188413
HP101267,96.4,3,2.1,23,24,2016,Market,apartment,good,no,no,yes,no,C,5.7,4.1,5.8,2076.0,Jul,49,487116
HP100463,115.0,2,1.9,16,21,1976,Old Town,apartment,excellent,no,yes,yes,no,D,5.8,4.7,2.0,2666.0,Apr,63,526987
HP101518,125.9,3,2.2,7,17,2023,Suburb,apartment,excellent,yes,no,yes,no,C,7.1,0.5,11.5,2951.0,Feb,56,736443
HP101124,152.5,4,2.5,1,15,1965,Business Bay,apartment,fair,yes,yes,yes,yes,B,7.9,2.6,0.8,4336.0,Jun,39,879862
HP100992,60.4,2,1.0,23,33,2021,Airport,townhouse,,yes,yes,no,no,D,5.7,3.2,13.5,2479.0,Nov,58,340652
HP101257,109.8,2,2.7,11,15,1991,Airport,apartment,good,no,yes,no,yes,D,5.6,5.8,10.0,2356.0,Jun,40,436927
HP100234,76.9,2,2.7,25,35,2020,Market,apartment,excellent,no,yes,yes,yes,E,5.5,4.1,2.8,1967.0,May,48,516646
HP100858,119.4,4,4.1,18,30,2016,Old Town,apartment,good,no,yes,yes,no,C,5.7,1.9,3.2,2593.0,May,50,659919
HP101114,43.9,0,1.0,16,18,2008,Market,apartment,good,no,yes,yes,yes,D,5.8,2.6,5.1,2467.0,Sep,44,357727
HP100350,100.3,3,2.3,3,6,2019,Industrial,house,excellent,no,yes,no,no,C,4.8,5.1,14.7,1723.0,Sep,26,370964
HP100317,63.8,2,2.4,3,4,2025,Riverside,apartment,,yes,no,no,no,C,8.0,1.1,6.9,3621.0,Apr,51,556536
HP100600,131.4,3,3.3,7,12,2015,Business Bay,house,excellent,no,no,no,no,B,8.2,0.5,2.0,4181.0,May,49,831699
HP101282,72.2,1,1.0,10,11,1974,Business Bay,house,fair,no,yes,yes,no,D,8.5,1.6,3.7,3789.0,Nov,56,538547
HP100382,67.2,1,1.0,24,27,1967,Airport,townhouse,fair,no,yes,no,yes,D,4.6,5.4,12.2,1776.0,Mar,54,236087
HP100131,73.7,2,2.2,14,16,1999,Market,house,,yes,yes,yes,yes,C,5.3,3.6,6.7,2919.0,May,62,617352
HP101110,69.7,2,2.2,24,30,1988,Suburb,house,good,no,no,yes,yes,B,7.0,2.7,11.4,,Jul,92,489327
HP100137,112.5,2,1.8,4,13,2015,University,house,good,no,yes,no,no,B,7.5,3.2,5.8,2296.0,Jan,54,574654
HP101212,96.9,3,2.1,10,13,2013,University,townhouse,new,yes,yes,yes,no,A,7.1,3.0,5.9,3157.0,Dec,41,776756
HP100495,94.4,3,2.3,15,17,2000,University,apartment,fair,no,yes,yes,no,A,6.9,3.0,7.0,2754.0,Mar,48,551834
HP100224,46.8,1,1.0,17,31,1989,Suburb,apartment,fair,no,yes,yes,yes,C,6.7,3.1,11.1,3184.0,Jul,48,333002
HP100856,55.6,1,1.1,2,10,2009,Riverside,apartment,fair,yes,yes,yes,no,B,8.6,3.2,5.6,3012.0,Jul,52,546568
HP101625,28.8,0,1.0,18,28,2008,Riverside,house,good,no,yes,no,yes,C,9.4,1.4,7.7,3461.0,May,67,444536
HP101694,98.9,1,1.0,17,26,1994,Riverside,apartment,excellent,no,yes,yes,no,C,7.8,2.6,6.8,2772.0,Dec,55,560037
HP100062,105.8,2,2.3,8,19,1975,University,studio,poor,no,no,yes,no,D,7.6,1.9,5.6,2279.0,Oct,70,457338
HP100392,57.7,2,1.5,9,21,2017,University,house,excellent,no,yes,no,yes,B,7.0,4.2,8.4,2449.0,May,72,544661
HP100101,65.6,2,1.7,13,15,1978,Riverside,apartment,excellent,yes,yes,yes,yes,B,8.1,0.5,8.4,3929.0,Jul,32,642832
HP101734,82.5,2,2.6,10,13,1968,Green Hills,house,fair,no,yes,no,yes,D,8.8,1.8,7.0,4095.0,Jun,94,614974
HP100756,99.5,3,2.5,22,23,1980,Old Town,apartment,excellent,yes,yes,yes,yes,A,5.5,5.5,3.4,1698.0,Jan,37,548412
HP100300,83.6,2,1.8,5,12,2016,Airport,townhouse,excellent,no,yes,yes,yes,D,5.1,4.7,14.8,2289.0,Mar,90,467850
HP101393,82.6,3,2.4,12,14,2006,Downtown,house,good,no,yes,no,yes,E,7.1,2.4,0.7,,Oct,34,637596
HP100260,60.7,2,1.3,6,7,1969,Suburb,studio,fair,no,yes,yes,yes,A,6.2,1.1,12.6,3033.0,Mar,36,440674
HP100464,97.0,2,2.6,20,31,1984,University,house,excellent,no,yes,no,yes,C,6.7,3.1,4.9,2132.0,Nov,69,587831
HP101744,104.5,3,3.5,9,23,1994,Riverside,apartment,fair,yes,yes,yes,yes,B,8.4,,4.9,3221.0,Jan,65,642799
HP101628,45.2,1,1.0,21,27,1985,Suburb,studio,good,yes,yes,yes,no,C,6.9,2.7,10.2,2974.0,Jan,34,275188
HP100666,50.0,1,1.1,10,16,2008,Airport,townhouse,excellent,no,yes,yes,no,B,4.9,5.8,11.2,2330.0,Dec,66,387175
HP101146,106.2,2,1.9,9,12,2011,Riverside,apartment,excellent,no,yes,yes,yes,A,9.5,0.5,7.3,2713.0,Jul,48,773841
HP100598,63.0,2,1.5,14,24,1971,Market,apartment,poor,no,no,yes,yes,B,6.3,5.0,2.9,1674.0,Apr,48,377936
HP100287,96.0,3,2.0,2,9,2023,Old Town,apartment,good,no,yes,yes,yes,D,5.9,2.5,3.6,2281.0,Jun,78,485452
HP101562,118.2,3,1.7,13,21,1986,Green Hills,house,new,yes,yes,yes,no,B,8.1,0.6,7.5,3755.0,Jul,26,916667
HP101736,164.0,4,2.5,25,36,2024,Green Hills,apartment,good,no,yes,no,yes,A,9.9,0.5,5.4,3765.0,May,24,953211
HP100816,153.1,4,3.7,21,28,1999,Green Hills,apartment,good,yes,yes,yes,yes,B,9.2,1.5,7.7,4600.0,Oct,56,1011271
HP101475,83.5,2,1.4,2,11,2008,University,townhouse,new,no,yes,yes,yes,C,7.9,2.0,5.2,2844.0,Aug,77,664235
HP100525,80.8,2,2.4,1,2,1986,Old Town,studio,good,no,no,no,yes,C,,6.0,4.8,2165.0,Oct,98,283934
HP101162,59.9,1,1.7,18,29,2019,Green Hills,apartment,fair,no,yes,yes,yes,A,8.6,2.4,5.5,3525.0,Jul,46,585842
HP100407,110.3,5,4.1,16,23,1979,Green Hills,apartment,new,no,yes,no,yes,C,9.8,0.5,7.9,3805.0,Sep,37,768865
HP101608,70.5,2,2.5,20,26,2015,Business Bay,house,good,no,yes,no,yes,C,8.5,1.0,2.0,4087.0,May,22,653670
HP101563,66.0,2,2.0,8,11,1993,Green Hills,house,excellent,yes,yes,yes,yes,D,9.3,0.5,5.6,3494.0,Dec,52,724429
HP101790,90.1,2,2.5,21,23,1979,Airport,townhouse,new,no,no,no,yes,B,4.8,3.9,13.8,1899.0,Oct,88,454392
HP100411,49.9,1,1.5,10,15,1976,Industrial,apartment,new,no,no,yes,yes,A,4.3,4.2,13.8,1918.0,Sep,57,300113
HP100640,98.2,2,2.2,17,17,2017,Riverside,studio,fair,no,no,yes,no,C,8.5,1.2,6.0,2837.0,Feb,86,474883
HP100580,105.5,3,2.2,12,14,2023,University,townhouse,,no,yes,no,no,D,6.1,2.8,4.4,2567.0,Jun,41,606516
HP100376,35.2,1,1.0,6,10,1973,Market,apartment,excellent,yes,no,yes,yes,A,5.4,4.6,4.8,2130.0,Dec,71,375219
HP100262,83.3,1,1.0,7,13,2005,Old Town,house,good,yes,no,yes,yes,B,6.6,2.8,4.2,2320.0,Feb,36,307483
HP101552,66.2,0,1.0,23,25,2023,Old Town,apartment,excellent,yes,no,yes,yes,C,6.2,4.4,5.4,2450.0,Dec,47,422955
HP100766,116.0,3,2.6,5,16,2024,Suburb,apartment,good,no,yes,yes,yes,A,6.0,4.2,10.4,2711.0,Mar,67,648840
HP101569,140.6,3,2.7,16,24,1968,University,apartment,fair,no,no,no,no,D,7.9,0.5,3.6,2161.0,Mar,64,582291
HP100146,72.7,1,1.9,12,18,1976,Old Town,apartment,good,no,yes,yes,yes,A,4.8,2.0,4.2,1356.0,Jul,32,432673
HP100778,88.1,2,2.9,21,35,1973,Airport,apartment,excellent,no,yes,no,no,C,6.3,2.0,11.4,2121.0,May,64,417069
HP100680,95.4,2,1.6,21,26,2004,Downtown,house,good,no,yes,no,no,C,7.6,2.7,4.1,3844.0,Apr,77,738889
HP100053,118.3,4,4.3,25,31,2011,Industrial,townhouse,good,yes,yes,no,yes,C,4.0,4.0,15.1,1087.0,Nov,83,1064575
HP100679,62.2,0,1.0,6,17,1999,Old Town,studio,excellent,yes,yes,no,yes,C,6.5,4.5,2.6,3126.0,Feb,32,332929
HP101503,119.8,2,1.9,5,16,1995,Business Bay,studio,good,,no,no,no,D,8.2,3.2,3.4,4077.0,Mar,45,649447
HP101166,67.6,1,1.0,15,23,2015,Green Hills,apartment,fair,no,yes,no,yes,A,9.2,0.5,5.9,4070.0,Feb,53,588674
HP100366,96.8,2,2.0,20,31,1970,Airport,studio,good,no,yes,yes,yes,A,6.1,2.5,12.7,2301.0,Sep,50,421196
HP100012,47.7,2,1.4,4,17,1971,Industrial,townhouse,poor,yes,yes,no,no,D,3.9,6.1,13.4,1456.0,Nov,62,157548
HP100129,48.8,1,,8,9,2008,University,apartment,excellent,no,no,no,yes,B,7.4,4.1,3.8,2278.0,Jun,55,448846
HP100278,48.8,2,1.1,6,18,1985,Green Hills,apartment,good,no,yes,yes,yes,C,10.0,0.5,7.6,3527.0,Jan,78,503588
HP101451,56.2,1,1.3,10,20,1999,Industrial,house,good,no,yes,yes,yes,C,5.1,4.1,12.8,700.0,Mar,54,264483
HP100472,134.9,3,1.8,15,15,2014,Downtown,townhouse,fair,no,yes,no,yes,C,7.9,2.2,0.2,3545.0,Sep,20,855165
HP101659,79.7,0,1.0,19,28,2023,Downtown,townhouse,,no,yes,no,yes,,7.5,3.9,2.9,3111.0,Apr,60,624470
HP101793,112.3,3,1.4,25,30,2004,Riverside,apartment,good,no,yes,yes,yes,D,7.8,1.7,6.2,3279.0,May,50,664918
HP101696,69.5,1,1.5,24,27,1999,Suburb,house,fair,yes,no,yes,yes,B,7.2,3.4,12.3,1993.0,Oct,45,475980
HP100319,95.3,0,1.0,22,30,2009,Market,apartment,good,no,yes,no,yes,C,5.9,2.2,3.9,1739.0,Dec,57,435395
HP101444,66.5,2,2.5,1,6,1989,Suburb,apartment,,no,no,no,yes,C,6.5,0.6,10.0,3021.0,Feb,51,382642
HP100208,82.4,2,2.7,17,28,1991,Suburb,apartment,excellent,no,no,yes,yes,B,7.7,2.9,11.4,3673.0,Mar,43,590107
HP101442,107.9,4,3.1,10,21,1985,Suburb,studio,excellent,no,yes,yes,yes,D,6.3,2.8,13.0,2265.0,Nov,56,537217
HP100248,83.5,1,1.2,1,12,1968,Old Town,apartment,new,yes,yes,yes,yes,D,,5.5,2.9,2235.0,Aug,94,490351
HP100562,73.7,3,2.3,10,13,2011,Green Hills,house,excellent,no,yes,yes,yes,E,9.2,1.1,6.2,3771.0,Dec,52,679404
HP101248,135.4,4,3.3,23,27,1967,Green Hills,studio,excellent,no,no,yes,yes,D,9.0,0.5,7.9,4522.0,Apr,55,738322
HP101540,77.2,1,1.0,25,27,2019,Green Hills,apartment,good,no,yes,no,yes,D,9.4,0.5,7.0,4228.0,Mar,54,620698
HP101042,115.7,4,3.2,6,8,1991,Industrial,apartment,fair,yes,yes,yes,yes,B,2.9,7.5,15.0,2147.0,Jun,59,438379
HP101006,81.3,2,1.6,25,26,2001,Market,apartment,fair,no,no,yes,yes,B,5.1,5.2,2.7,2160.0,Sep,45,444898
HP101604,91.4,3,1.7,12,25,1972,Suburb,townhouse,good,no,yes,yes,no,C,8.4,0.5,10.1,3535.0,Jan,46,560693
HP100372,77.5,2,1.8,23,23,2010,Old Town,house,excellent,no,no,yes,no,D,6.4,1.4,2.5,1481.0,Jun,59,486515
HP100451,57.6,3,2.7,9,22,1979,Green Hills,townhouse,good,no,yes,yes,yes,C,8.5,2.1,5.7,4214.0,Sep,25,680987
HP100038,121.8,3,3.6,12,22,2004,Suburb,townhouse,good,no,yes,no,yes,D,7.5,1.9,11.2,2716.0,May,71,642017
HP100144,86.1,2,1.9,19,24,1974,Business Bay,townhouse,fair,no,no,no,yes,A,8.0,3.0,2.9,4338.0,May,17,640257
HP101429,175.6,4,2.7,6,17,1969,Business Bay,house,good,no,yes,no,no,,7.5,0.6,2.9,3784.0,Dec,21,951332
HP101667,260.0,5,2.2,12,17,1991,Suburb,apartment,good,no,no,no,no,C,7.2,0.7,10.0,2947.0,Jul,27,961570
HP100076,169.8,3,3.2,6,15,2007,Old Town,apartment,good,no,no,no,no,C,4.2,4.9,1.1,1441.0,Sep,46,608257
HP100115,134.6,3,3.2,19,28,2008,Green Hills,apartment,fair,no,yes,yes,no,E,9.8,0.5,7.1,4671.0,Mar,4,738942
HP100736,102.9,1,2.5,4,12,1996,Suburb,townhouse,new,no,yes,no,yes,E,7.3,1.5,11.6,2953.0,Apr,58,656815
HP101720,61.2,2,2.0,13,24,2003,Downtown,house,good,no,yes,yes,yes,D,7.3,,1.6,3387.0,Jan,86,670388
HP100341,86.0,2,1.6,24,34,2006,Market,apartment,good,yes,yes,no,no,A,5.8,3.9,7.4,2015.0,Apr,70,481315
HP100301,91.8,2,1.4,2,12,1996,Suburb,apartment,fair,no,no,yes,yes,C,7.5,4.2,12.6,2885.0,Apr,47,506795
HP100651,58.0,1,1.0,21,29,1979,Green Hills,house,new,no,yes,no,no,D,9.0,2.9,7.1,3898.0,Dec,87,530605
HP101469,100.4,2,2.6,13,23,1990,Suburb,apartment,good,no,yes,no,no,D,7.4,0.5,10.5,2480.0,Oct,82,495884
HP100943,92.8,1,2.1,19,28,1974,Business Bay,townhouse,good,no,yes,no,no,E,,0.5,2.6,4127.0,Feb,56,584333
HP101665,83.1,2,2.2,9,16,2000,Green Hills,townhouse,excellent,no,yes,yes,no,B,9.8,0.5,6.1,3519.0,May,70,779624
HP101629,89.4,3,1.3,6,15,1990,Business Bay,townhouse,fair,no,no,no,yes,B,7.5,2.8,1.6,4712.0,Nov,78,650390
HP100214,64.7,1,1.3,20,24,1972,Riverside,apartment,excellent,no,yes,no,yes,D,8.2,2.2,4.9,3618.0,Feb,82,446396
HP101690,49.0,0,1.0,22,31,1992,Airport,house,fair,yes,yes,no,yes,A,5.7,4.3,10.4,1388.0,Jun,54,351915
HP100338,88.7,2,1.7,20,25,1983,Downtown,townhouse,fair,no,yes,no,yes,C,7.3,2.4,1.5,2891.0,Apr,61,634726
HP100478,107.6,2,1.9,10,11,2015,Industrial,townhouse,good,no,yes,yes,yes,C,4.3,5.6,14.4,1920.0,Dec,61,432854
HP101087,105.8,1,1.0,7,15,1989,Airport,studio,fair,no,yes,no,yes,B,4.7,3.8,12.3,1260.0,Jan,38,293737
HP101096,72.9,1,1.6,14,22,1988,Suburb,studio,fair,no,yes,no,no,C,6.8,0.5,8.9,2680.0,May,45,415184
HP101179,98.2,1,1.0,7,11,2025,Suburb,townhouse,good,no,no,no,no,D,,2.8,11.5,3313.0,Jul,42,464179
HP100972,100.7,2,2.2,11,12,1976,Downtown,studio,good,no,yes,yes,yes,C,7.6,3.2,1.0,3739.0,Dec,20,562651
HP100968,87.6,2,1.8,6,12,1977,University,townhouse,good,no,yes,no,yes,B,5.7,5.1,3.9,2832.0,Mar,61,565879
HP101513,41.8,0,1.4,9,12,2023,Riverside,house,fair,no,no,yes,yes,D,7.9,1.7,5.3,3047.0,Apr,68,456856
HP100423,150.3,4,3.1,15,20,1994,Downtown,apartment,fair,no,yes,no,yes,C,8.2,1.5,2.9,3436.0,Feb,47,807408
HP100872,46.1,2,1.8,12,20,1973,Market,apartment,good,no,yes,yes,yes,C,4.9,4.4,4.3,1410.0,Jul,71,320156
HP101259,112.4,3,3.1,19,29,1977,Market,apartment,good,no,no,no,yes,C,5.4,6.3,5.6,3025.0,Sep,90,479065
HP100960,94.4,3,2.5,4,17,1999,University,house,excellent,no,yes,no,yes,C,6.8,2.5,5.1,2328.0,Mar,49,727136
HP100308,75.6,1,1.4,6,10,2025,Suburb,apartment,good,no,yes,yes,yes,B,7.2,0.5,12.8,2719.0,Jul,49,483583
HP100784,72.4,1,1.0,23,28,2014,Market,apartment,fair,yes,yes,no,yes,C,6.2,3.6,3.5,2237.0,Jan,49,450961
HP101359,72.3,1,1.0,18,32,2003,Suburb,apartment,fair,no,yes,no,yes,D,7.1,4.9,8.8,3281.0,Dec,36,352683
HP100602,65.5,2,1.8,7,13,1977,Green Hills,townhouse,good,no,yes,no,yes,B,9.7,1.0,8.2,3916.0,Dec,25,447531
HP100116,66.8,1,1.0,4,11,2019,Airport,house,good,no,yes,no,no,D,4.0,6.7,14.6,1636.0,Apr,87,229090
HP101599,107.0,2,2.6,17,27,1992,Suburb,house,new,no,no,yes,no,B,6.2,2.7,10.4,3207.0,Mar,62,605168
HP101738,115.4,3,3.7,1,6,1985,University,apartment,excellent,no,no,no,yes,A,7.0,2.0,6.0,1967.0,Dec,49,739922
HP101525,62.6,1,2.3,23,25,2005,Suburb,townhouse,excellent,no,no,yes,yes,E,7.1,2.7,9.7,3068.0,Nov,59,491468
HP100763,59.5,0,1.1,19,28,1965,Suburb,house,good,no,yes,yes,yes,C,7.5,2.9,9.0,3639.0,Jun,65,440359
HP100171,100.7,2,2.8,4,8,2005,University,studio,excellent,yes,yes,no,no,B,7.3,1.8,3.3,2973.0,Sep,20,636387
HP100249,133.6,4,3.2,9,22,1987,Business Bay,apartment,good,yes,yes,yes,yes,A,7.7,2.7,4.3,4651.0,Aug,38,900632
HP100978,96.8,1,1.0,4,14,2004,University,apartment,fair,no,yes,yes,no,,6.1,2.6,2.9,1866.0,Oct,63,522085
HP100921,116.8,2,1.1,14,15,2008,Green Hills,townhouse,good,yes,no,yes,no,C,7.9,1.3,8.5,4559.0,Sep,42,748405
HP101780,64.6,0,1.1,14,23,1978,Suburb,townhouse,new,yes,yes,no,no,A,7.9,1.4,10.5,2978.0,Oct,44,590854
HP100678,139.1,3,3.3,25,38,2017,Suburb,apartment,poor,no,yes,no,yes,D,7.4,1.7,10.9,3083.0,Dec,45,639033
HP100481,78.0,2,1.3,21,25,2018,Suburb,apartment,good,no,yes,yes,no,A,7.7,1.1,9.9,2780.0,Apr,49,485887
HP100954,95.9,3,3.5,21,33,2022,Market,studio,excellent,no,yes,yes,yes,B,4.6,5.0,2.3,2647.0,Apr,54,407281
HP101167,67.6,3,2.4,21,24,1981,University,apartment,excellent,no,yes,yes,no,B,5.9,5.0,4.4,2602.0,Feb,98,488449
HP101030,30.8,1,1.2,22,34,2000,University,apartment,fair,no,no,no,yes,C,6.4,2.9,3.9,2513.0,Jul,46,354118
HP101240,91.3,3,1.2,25,32,2004,Green Hills,apartment,excellent,yes,yes,no,no,A,8.8,0.6,9.4,3567.0,Mar,73,653434
HP101307,68.5,2,2.6,5,12,1995,Industrial,house,fair,no,yes,yes,yes,C,4.7,3.4,15.0,2140.0,Jan,31,312800
HP100153,90.2,3,2.8,9,21,2024,University,studio,good,no,yes,no,no,B,6.9,2.9,7.3,2643.0,Jul,68,557870
HP101103,107.2,2,2.2,11,14,2013,Green Hills,studio,good,no,yes,yes,yes,B,7.9,3.2,6.0,3734.0,Sep,29,582339
HP100570,62.7,2,2.0,2,11,2009,Old Town,house,good,no,yes,yes,yes,B,4.9,6.0,2.8,1746.0,Oct,108,466037
HP101470,99.3,1,1.6,8,13,1968,Market,studio,fair,no,no,no,no,C,6.0,1.9,2.9,1702.0,Jan,55,310678
HP100546,66.8,1,1.0,5,17,2019,Business Bay,townhouse,poor,no,yes,no,yes,,9.2,0.5,4.2,4144.0,May,25,658625
HP100128,77.2,3,1.9,3,14,2012,Downtown,apartment,excellent,no,yes,no,no,C,6.2,4.6,0.8,3719.0,Feb,40,607942
HP101275,26.3,2,1.5,12,15,1974,Old Town,studio,good,yes,yes,yes,no,B,5.7,2.1,3.1,2196.0,Jul,41,298315
HP101572,49.6,1,1.0,6,6,2002,University,townhouse,fair,no,no,yes,yes,B,6.2,3.2,5.9,2906.0,Aug,55,470692
HP101428,80.5,2,2.8,21,34,1995,Airport,house,poor,no,yes,no,no,,5.0,5.3,11.5,1617.0,Oct,61,354015
HP100711,179.7,4,3.1,25,25,1995,Riverside,apartment,excellent,no,yes,yes,yes,D,7.7,1.3,5.1,4087.0,Apr,38,920093
HP100896,113.7,4,3.3,3,16,2014,Suburb,townhouse,new,no,yes,no,no,C,6.4,3.8,11.8,3157.0,Mar,35,637607
HP100040,79.0,0,,7,11,2002,Business Bay,apartment,excellent,no,yes,no,yes,D,8.2,3.1,3.6,4507.0,Jan,50,557813
HP101531,57.5,0,1.0,1,8,1977,Suburb,apartment,good,no,yes,no,no,C,6.4,4.3,12.0,3543.0,May,49,302438
HP101522,45.7,2,2.1,20,21,1983,Green Hills,house,excellent,no,yes,no,no,C,10.0,0.8,4.8,3857.0,Jul,44,600328
HP100519,91.1,1,1.2,23,36,2022,Green Hills,studio,fair,no,yes,no,yes,C,8.5,,7.0,4039.0,Jun,37,587322
HP100295,76.3,1,1.0,16,19,2023,Green Hills,apartment,fair,no,no,no,yes,D,9.1,1.9,5.8,3406.0,Mar,3,495782
HP100447,72.0,3,2.3,20,31,1973,Industrial,house,excellent,no,no,yes,yes,B,3.2,5.1,15.9,2160.0,Sep,92,439979
HP101689,78.3,2,2.9,3,5,1995,Business Bay,house,good,no,no,yes,no,D,7.9,2.4,2.7,3392.0,Sep,29,604392
HP101523,55.9,1,1.0,1,1,2001,Airport,townhouse,excellent,yes,yes,yes,yes,B,5.2,5.0,11.8,2108.0,Dec,70,422220
HP100942,68.8,1,2.2,18,30,1992,Suburb,apartment,fair,no,yes,yes,yes,,7.4,3.6,8.5,2961.0,Dec,50,450698
HP101411,96.8,2,3.4,18,28,1978,Market,house,fair,no,yes,yes,yes,D,6.1,4.4,3.7,1561.0,May,60,467262
HP100914,83.9,2,2.2,25,37,1984,Market,townhouse,fair,no,yes,no,no,B,4.8,5.0,3.2,2030.0,Jul,83,411385
HP101340,49.1,1,1.7,4,4,1985,Downtown,apartment,good,no,yes,yes,no,C,7.4,2.3,2.8,3810.0,Feb,55,495890
HP100659,70.5,2,1.2,6,13,1978,Business Bay,house,fair,no,yes,yes,no,A,7.9,2.5,1.0,4121.0,Jul,67,631658
HP101153,63.5,3,2.9,7,18,2002,Suburb,studio,fair,no,yes,yes,yes,C,7.0,1.4,9.9,3046.0,Oct,36,455666
HP100653,103.7,4,3.2,17,28,1977,Suburb,townhouse,excellent,no,yes,yes,no,C,7.4,1.3,13.2,2553.0,Oct,48,701547
HP100645,51.7,0,1.0,9,21,1997,Green Hills,house,fair,no,yes,no,no,D,7.5,2.8,7.2,2986.0,May,19,409366
HP101160,99.0,2,1.3,15,29,1995,Downtown,townhouse,poor,no,no,yes,yes,E,7.6,0.9,0.2,3831.0,Aug,37,615056
HP100564,130.4,4,3.0,23,25,2024,Industrial,house,good,no,no,no,no,B,3.9,4.9,14.1,944.0,Feb,79,470764
HP100561,71.3,1,1.0,4,5,2004,Suburb,apartment,excellent,no,no,yes,no,C,6.4,3.8,9.8,2436.0,Sep,63,433110
HP100485,120.3,2,1.0,20,23,2013,Business Bay,apartment,fair,no,yes,yes,no,C,7.4,2.9,2.5,3519.0,Feb,79,707634
HP100195,110.4,3,,2,4,1979,Suburb,townhouse,good,no,yes,yes,yes,C,8.6,3.2,11.7,2200.0,Feb,41,570453
HP101440,88.3,2,1.7,13,17,1989,Suburb,studio,good,no,yes,yes,yes,B,7.7,3.1,11.6,2968.0,Jan,69,441948
HP101125,67.8,2,,4,12,2009,University,house,fair,no,yes,no,no,D,6.1,6.4,3.9,2156.0,Mar,40,382798
HP101298,91.5,4,3.6,11,12,2006,Riverside,apartment,fair,no,yes,no,yes,C,7.1,1.9,5.2,2787.0,Feb,24,620631
HP100806,48.5,2,1.4,10,14,2021,Riverside,house,good,no,yes,yes,yes,C,8.7,0.8,6.4,3509.0,Jun,50,517518
HP101322,135.1,4,3.8,10,20,2025,Downtown,apartment,good,no,yes,yes,no,C,7.4,1.5,2.9,3814.0,Apr,67,797017
HP100480,125.8,5,3.8,11,14,1967,Business Bay,apartment,excellent,yes,yes,no,yes,A,8.6,2.5,2.2,3713.0,Sep,71,884117
HP100386,48.0,2,1.6,4,10,2003,Riverside,townhouse,excellent,no,no,yes,yes,,9.5,1.8,7.1,2809.0,Feb,41,549267
HP100257,105.4,3,2.0,6,11,2010,Downtown,house,excellent,no,yes,yes,no,A,7.6,0.5,2.0,4155.0,Mar,67,844574
HP100793,34.7,0,1.0,13,16,2017,Downtown,apartment,excellent,no,yes,no,no,A,7.3,0.9,3.4,3409.0,Sep,39,550725
HP100712,66.4,2,2.6,4,17,2006,Airport,apartment,excellent,,no,yes,yes,D,5.2,3.3,13.1,1526.0,Jul,66,327431
HP101232,57.4,0,1.0,25,33,2008,Suburb,apartment,good,no,yes,no,no,E,7.3,4.2,10.5,2413.0,Feb,83,306739
HP100686,105.2,3,2.5,15,24,1984,Business Bay,townhouse,excellent,no,no,yes,yes,C,8.1,1.6,1.8,4261.0,Mar,68,835596
HP100583,78.8,2,2.3,14,28,1996,Business Bay,apartment,excellent,no,yes,yes,no,C,7.9,4.2,0.2,4488.0,Jun,50,704091
HP101412,151.2,5,3.7,24,38,2012,Green Hills,townhouse,fair,no,no,yes,yes,B,9.1,1.1,5.2,3288.0,Oct,35,955644
HP100824,39.5,2,1.8,6,20,2025,Green Hills,house,excellent,no,yes,no,yes,B,8.7,1.2,5.6,3665.0,May,53,583218
HP100851,80.0,0,1.0,16,27,1967,Suburb,apartment,fair,yes,yes,yes,yes,B,6.9,4.1,10.5,2835.0,May,109,465322
HP100033,106.3,3,2.8,17,26,1992,Old Town,apartment,new,no,yes,yes,yes,D,5.7,2.7,4.8,2307.0,Mar,34,590626
HP100080,72.8,2,1.6,11,15,1999,Industrial,house,excellent,no,yes,yes,no,,4.2,8.2,13.8,1820.0,Feb,78,387423
HP100771,66.1,2,1.1,7,8,1999,University,house,good,yes,yes,no,yes,C,6.6,5.1,6.9,3285.0,Jul,67,490219
HP101502,54.5,1,1.3,14,19,1980,Old Town,apartment,good,no,yes,no,yes,B,5.3,5.3,3.3,2695.0,Sep,57,354621
HP101355,91.7,3,2.2,6,8,1976,Downtown,apartment,fair,no,yes,yes,no,C,9.6,1.1,0.2,3752.0,Nov,39,617588
HP100443,62.5,0,1.0,18,18,1971,Suburb,apartment,excellent,no,yes,yes,yes,D,7.8,0.7,10.5,2959.0,Mar,57,494314
HP100065,186.9,4,3.4,11,25,2025,University,townhouse,good,yes,no,yes,yes,C,5.9,2.8,5.3,2455.0,Aug,32,869276
HP100725,62.0,1,1.0,23,25,1978,Downtown,apartment,good,,yes,yes,no,B,7.8,2.6,0.7,3759.0,Mar,39,591754
HP100547,67.4,2,1.4,17,20,2009,Downtown,townhouse,fair,yes,yes,no,yes,C,7.4,2.9,1.5,3529.0,Jul,83,664457
HP101466,44.7,0,1.0,3,12,2019,Business Bay,apartment,fair,no,yes,no,yes,C,8.1,3.2,1.6,4242.0,Apr,3,589013
HP100058,68.0,2,2.8,19,28,1970,Suburb,apartment,good,yes,no,yes,yes,D,8.2,2.1,10.2,2123.0,Dec,54,430225
HP101373,134.0,5,2.8,2,4,2012,Airport,studio,excellent,no,no,yes,no,D,5.2,3.7,12.2,1244.0,Jan,54,513190
HP100568,126.5,4,2.8,18,24,2015,Old Town,apartment,good,no,yes,no,yes,A,5.3,,2.8,2213.0,Feb,83,532487
HP101397,56.6,1,1.0,2,16,1983,Green Hills,apartment,good,no,yes,no,yes,C,9.8,0.5,8.1,4095.0,Jun,44,509146
HP100088,87.9,2,1.6,10,18,1980,Suburb,townhouse,excellent,yes,yes,yes,yes,C,6.6,2.1,13.5,3276.0,Jan,69,570834
HP100565,118.8,3,2.9,17,18,1972,Riverside,house,excellent,no,yes,yes,yes,B,8.4,4.9,7.0,3430.0,Jan,31,1257806
HP101676,97.0,2,2.5,15,25,1996,Riverside,townhouse,fair,yes,no,no,no,A,7.5,0.6,7.9,2901.0,May,70,631679
HP101177,64.6,2,2.0,13,18,1986,Old Town,house,good,no,yes,no,no,B,6.4,4.8,4.0,1138.0,Feb,38,419160
HP100903,143.5,3,2.1,3,5,2001,University,townhouse,new,yes,no,no,yes,C,8.3,0.5,5.2,2298.0,Jun,51,800406
HP100254,72.5,2,2.3,9,15,1989,Suburb,apartment,excellent,yes,yes,yes,no,E,7.9,1.7,10.1,2909.0,Dec,99,508546
HP100965,84.3,4,2.6,10,21,1976,University,studio,good,no,yes,no,no,A,6.7,4.8,8.4,3282.0,Feb,77,499150
HP100894,147.3,3,2.8,19,23,2016,Airport,townhouse,fair,no,yes,no,yes,C,5.3,6.9,13.7,2329.0,Jun,58,495923
HP100616,97.8,2,1.3,5,14,1976,Riverside,apartment,fair,yes,yes,yes,no,D,8.3,1.2,5.8,3399.0,Mar,26,536754
HP100017,97.9,4,2.9,18,32,1972,Downtown,house,good,yes,no,yes,yes,C,6.8,4.9,0.6,4233.0,Aug,69,775447
HP101674,89.2,2,1.0,16,22,1975,Airport,house,good,yes,yes,no,yes,A,5.2,4.4,13.1,2527.0,Mar,34,442602
HP100774,72.4,2,1.9,12,16,2018,Downtown,house,new,no,yes,no,yes,D,8.4,1.3,0.2,2637.0,Jan,32,693015
HPDUP004,77.5,2,1.8,23,23,2010,Old Town,house,excellent,no,no,yes,no,D,6.4,1.4,2.5,1481.0,Jun,59,486515
HP101159,141.4,3,2.4,19,24,1994,Airport,studio,new,no,yes,yes,yes,C,5.5,4.2,12.7,1977.0,Jul,75,596446
HP100099,118.8,2,1.0,13,21,1992,Market,apartment,good,no,yes,yes,yes,B,5.9,3.1,3.4,1841.0,Oct,69,572686
HP101719,78.2,1,1.0,21,28,2003,Green Hills,townhouse,new,no,no,yes,yes,C,8.8,2.2,7.5,4006.0,May,64,645678
HP100363,95.8,3,2.2,9,12,1991,Downtown,apartment,good,no,yes,yes,no,C,7.1,2.9,2.4,3010.0,Nov,47,573472
HP100722,83.1,1,1.4,4,14,2020,Downtown,apartment,good,no,yes,no,yes,B,6.7,3.6,0.4,3528.0,Jan,54,540034
HP100870,76.9,2,1.9,14,16,2002,Riverside,house,excellent,yes,no,yes,yes,B,8.0,1.3,5.7,3295.0,Jun,58,741566
HP100036,126.8,4,3.9,25,35,1982,Suburb,apartment,excellent,no,yes,no,yes,C,6.8,4.4,8.5,2664.0,Feb,60,661303
HP100096,68.7,1,1.4,25,35,1991,Old Town,house,excellent,no,yes,yes,yes,C,5.8,4.2,3.6,2663.0,Apr,26,488445
HP101533,126.1,4,3.0,23,37,1981,Riverside,apartment,fair,yes,no,no,yes,B,7.8,2.4,8.3,2887.0,Jan,41,792111
HP101020,60.5,2,1.3,17,20,1991,Green Hills,apartment,excellent,no,yes,yes,yes,E,9.6,0.5,7.0,3758.0,Apr,27,545613
HP100849,123.7,3,2.0,3,16,1990,Market,townhouse,fair,no,yes,no,no,A,6.8,2.2,3.3,2273.0,Aug,59,616833
HP100134,147.4,3,2.0,18,19,1990,Industrial,house,fair,no,no,no,yes,D,3.8,7.7,14.8,1682.0,Nov,113,450999
HP100862,71.6,0,1.1,5,18,1985,Airport,apartment,good,yes,yes,yes,yes,A,6.0,2.7,12.9,1356.0,Oct,86,409629
HP100947,67.7,1,1.6,14,19,2012,Green Hills,apartment,good,no,yes,yes,yes,A,10.0,1.0,8.9,3892.0,Mar,26,642746
HP100637,62.3,2,1.9,8,20,1993,Riverside,house,excellent,no,yes,yes,yes,B,7.7,2.0,5.4,2072.0,Sep,90,632312
HP101677,106.3,3,2.8,1,5,1969,Business Bay,studio,fair,yes,no,no,yes,A,8.3,0.5,1.8,4884.0,May,68,661742
HP100874,91.8,2,2.0,21,32,1993,Riverside,house,excellent,no,yes,yes,no,,7.6,1.7,6.7,3293.0,Feb,12,663958
HP101551,120.1,3,2.9,18,26,1977,Business Bay,apartment,excellent,no,no,yes,yes,E,7.6,1.4,2.8,3936.0,Mar,46,460709
HP100498,91.4,3,1.6,14,16,2013,Old Town,apartment,fair,no,no,no,no,B,5.7,4.5,1.8,2521.0,Apr,79,480508
HP100597,105.4,2,1.5,20,20,1980,Industrial,apartment,fair,no,no,yes,yes,A,4.5,4.5,14.4,1338.0,Apr,67,374545
HP100294,94.8,3,3.0,18,21,2002,Green Hills,studio,excellent,no,yes,yes,yes,B,10.0,0.5,7.3,3663.0,Dec,20,731725
HP100878,55.1,1,1.0,12,13,1994,Industrial,townhouse,excellent,no,yes,no,yes,D,4.5,,12.4,1124.0,Jul,64,298806
HP100223,71.5,1,,20,25,1998,Market,apartment,good,no,yes,yes,yes,B,5.2,3.9,4.1,1494.0,Aug,90,354709
HP101483,61.0,3,2.4,5,17,1992,Suburb,apartment,good,yes,yes,yes,no,B,7.7,0.7,8.7,3109.0,Nov,30,488179
HP101241,118.5,3,3.6,23,35,1986,Old Town,studio,poor,no,yes,yes,yes,B,6.4,3.7,2.6,2767.0,Feb,61,538173
HP100636,98.8,1,1.0,10,24,1974,Riverside,house,fair,yes,yes,yes,no,B,7.6,2.7,6.7,2972.0,Oct,81,678874
HP100400,75.9,2,2.4,24,33,1965,Old Town,apartment,good,no,no,no,yes,D,5.1,3.6,4.5,2277.0,Jan,60,269110
HP101325,58.5,1,2.1,23,37,1977,Green Hills,apartment,good,no,yes,yes,yes,C,8.5,1.1,5.1,3919.0,Apr,70,465970
HP101293,83.5,1,1.2,14,25,2020,Old Town,studio,fair,no,yes,yes,yes,A,6.9,2.8,2.0,2469.0,Mar,51,451011
HP100828,69.2,2,1.8,22,30,1981,Green Hills,apartment,good,yes,yes,yes,yes,,9.5,0.5,5.3,4501.0,Oct,71,701364
HP100512,80.3,2,1.8,12,22,1979,Downtown,apartment,good,no,yes,no,yes,,7.6,3.0,1.3,4329.0,Mar,72,559900
HP101326,47.8,1,2.1,16,27,2012,Old Town,house,good,no,yes,yes,no,E,6.1,3.2,2.6,1476.0,Apr,73,353442
HP101372,80.2,3,2.1,17,29,2015,Business Bay,house,good,no,yes,yes,no,C,8.0,0.5,2.1,4300.0,Feb,44,713786
HP100696,105.7,3,2.0,8,21,2019,Riverside,house,fair,no,yes,yes,no,C,8.8,1.3,7.4,3596.0,Jan,39,681880
HP100023,62.8,2,2.2,8,15,1987,Green Hills,house,fair,no,yes,yes,yes,D,9.5,0.5,8.5,3662.0,Jun,35,617926
HP101530,120.7,3,2.5,1,15,1976,Old Town,studio,fair,no,yes,no,yes,B,4.6,6.5,1.7,2776.0,Oct,59,485131
HP100199,61.7,1,1.2,25,25,1966,Old Town,house,excellent,no,yes,yes,no,C,4.9,3.5,3.9,2242.0,May,58,362997
HP100305,136.7,3,2.5,24,33,2010,Business Bay,house,good,no,yes,no,yes,C,8.3,0.5,2.9,4717.0,Feb,62,800516
HP100245,114.3,5,3.6,21,31,1980,Green Hills,apartment,good,no,yes,no,no,D,9.2,2.3,8.6,3980.0,Sep,28,704040
HP101382,96.3,2,2.8,15,15,2019,University,house,excellent,no,yes,yes,no,D,6.2,4.4,4.8,2286.0,Jul,70,607527
HP100467,50.9,1,1.0,7,19,1976,Market,house,good,yes,yes,no,no,B,5.2,3.7,4.6,1894.0,Mar,38,354625
HP100020,122.3,4,2.7,21,35,2003,Airport,studio,good,no,yes,yes,yes,B,4.7,5.1,13.7,2244.0,Apr,81,538746
HP100377,57.3,3,1.4,24,32,1995,Business Bay,townhouse,good,yes,yes,yes,no,A,6.3,4.2,2.8,3598.0,Jul,87,613863
HP100803,260.0,6,4.5,21,27,2015,Industrial,townhouse,good,no,yes,no,yes,D,3.6,7.4,15.0,1712.0,Mar,95,857813
HP101170,52.6,1,1.0,2,4,2021,Business Bay,house,good,yes,no,yes,yes,C,7.5,4.9,3.9,4594.0,Apr,68,609792
HP100403,99.5,3,1.6,2,2,1970,Downtown,apartment,good,no,no,yes,yes,E,6.9,3.0,1.4,3434.0,Jul,58,564592
HP100225,64.2,2,2.3,25,25,2016,Market,apartment,fair,yes,no,yes,no,C,4.9,4.3,4.8,2247.0,Jul,50,414689
HP100668,84.7,0,1.0,9,16,2008,Old Town,house,new,no,yes,yes,yes,D,5.7,5.8,1.7,2324.0,Mar,36,539424
HPDUP003,148.8,4,3.3,18,23,2015,Downtown,studio,fair,yes,yes,yes,yes,C,7.8,1.3,0.2,3950.0,Apr,60,820646
HP100644,51.6,1,1.3,10,14,2021,Industrial,house,fair,no,yes,yes,no,D,3.6,5.5,14.9,1738.0,Jun,81,192230
HP100617,83.3,2,1.3,14,27,2001,Old Town,house,good,no,yes,yes,no,B,5.5,4.6,2.5,1749.0,Oct,63,481267
HP101655,82.7,3,3.1,18,31,2005,Business Bay,townhouse,good,no,yes,yes,no,D,7.8,2.4,2.8,4382.0,Mar,24,691027
HP101056,96.4,2,1.7,11,19,1986,Green Hills,house,excellent,no,yes,yes,no,C,10.0,0.5,6.8,3769.0,Jun,74,770763
HP101627,129.0,3,1.8,23,34,2000,Suburb,townhouse,fair,yes,yes,yes,yes,C,7.4,1.7,12.1,3231.0,May,43,682316
HP101499,73.0,2,1.7,21,34,1983,Industrial,apartment,excellent,no,no,no,no,B,,3.5,14.0,1629.0,Aug,63,290048
HP100603,64.8,1,1.0,18,23,2006,Riverside,studio,good,no,no,no,no,B,7.7,2.9,5.8,3671.0,Jun,61,399041
HP100453,57.8,1,1.6,19,23,2010,Suburb,house,poor,no,yes,no,yes,C,6.7,3.5,13.3,2605.0,Apr,75,325540
HP101357,54.3,0,1.5,22,30,1971,Business Bay,apartment,good,no,yes,yes,no,D,8.1,2.4,1.3,4558.0,Jan,75,490677
HP101534,100.4,3,2.5,9,11,1976,Downtown,apartment,poor,yes,yes,no,no,B,7.2,2.1,0.9,3456.0,Feb,61,648164
HP101313,41.8,0,1.3,6,18,1988,Downtown,house,excellent,no,yes,yes,yes,C,8.0,1.6,0.9,3381.0,Dec,51,545382
HP101396,98.1,2,1.7,12,21,1976,University,house,fair,no,no,yes,yes,B,,4.8,4.6,1961.0,Apr,69,513033
HP100213,94.1,2,2.6,23,35,1997,Airport,apartment,fair,yes,yes,no,yes,B,5.1,3.7,13.2,1393.0,Jan,92,378125
HP100789,85.6,2,2.3,16,18,1985,Industrial,apartment,good,no,yes,yes,yes,A,5.1,5.5,13.6,1742.0,Aug,72,340548
HP100362,52.2,1,1.0,14,28,2013,Downtown,apartment,fair,yes,yes,yes,no,B,6.6,2.4,1.6,3944.0,Jun,58,580576
HP100713,120.8,1,1.0,16,28,1969,Green Hills,apartment,good,no,yes,yes,no,C,8.0,2.0,7.0,3206.0,Mar,50,580443
HP101642,67.5,1,1.0,1,12,2001,Business Bay,apartment,good,yes,yes,yes,yes,C,8.7,0.5,4.8,4814.0,Jan,36,577833
HP100559,62.6,2,1.1,13,20,1996,University,apartment,fair,no,yes,yes,no,B,7.4,2.0,4.5,3129.0,Mar,71,470665
HP101586,127.2,2,1.9,13,27,1968,Old Town,house,good,no,yes,yes,no,,6.1,3.6,3.0,2325.0,Dec,76,592598
HP100813,43.7,1,2.3,13,20,1990,University,townhouse,good,yes,yes,yes,no,B,7.3,1.6,4.2,2513.0,Aug,70,561761
HP100534,120.1,4,1.4,5,17,1983,Downtown,apartment,good,no,yes,no,no,C,8.1,0.7,1.7,4458.0,Mar,58,794618
HP100885,71.7,1,2.0,16,19,2014,Old Town,townhouse,good,no,no,yes,yes,C,5.8,3.9,2.5,1718.0,Sep,66,365147
HP100801,69.7,1,1.3,3,14,1967,Old Town,house,good,no,yes,yes,yes,C,4.7,6.1,3.7,2735.0,Dec,79,329956
HP101305,66.3,1,1.0,21,27,1998,Market,house,good,no,yes,yes,yes,C,4.9,3.8,3.0,2376.0,Dec,78,430512
HP100236,80.0,2,1.0,5,8,1999,Business Bay,studio,excellent,no,yes,yes,yes,A,8.4,2.3,1.7,4239.0,Jul,73,694957
HP101671,85.6,3,3.6,4,8,1969,Industrial,apartment,fair,yes,no,no,yes,B,4.7,6.1,16.5,1100.0,Oct,90,331883
HP101073,71.9,2,2.0,21,23,1982,Market,apartment,good,no,no,yes,yes,B,,2.4,4.1,2297.0,Feb,62,277048
HP101765,99.0,3,2.5,8,21,2016,Downtown,townhouse,good,no,yes,no,yes,A,7.2,3.1,2.7,3521.0,Jan,83,664945
HP101501,70.5,2,1.0,22,29,2022,Market,apartment,fair,yes,yes,yes,no,B,6.4,4.2,4.6,2921.0,Mar,38,434254
HP101252,48.5,1,1.4,21,28,2020,Downtown,house,new,no,yes,no,no,E,6.7,3.2,1.0,4249.0,Jan,40,566973
HP101577,85.6,3,2.3,8,9,2018,Green Hills,studio,fair,yes,yes,yes,yes,A,9.2,0.5,7.4,3633.0,Feb,19,596705
HP100578,105.6,3,3.0,21,26,1987,Green Hills,apartment,excellent,yes,no,yes,yes,C,10.0,0.5,5.8,3952.0,Sep,66,865596
HP101723,79.8,1,1.6,9,14,2012,University,apartment,fair,yes,no,yes,no,D,5.2,6.1,4.6,1957.0,Aug,50,426690
HP101607,83.0,3,2.4,2,13,2017,Suburb,apartment,excellent,yes,yes,yes,yes,B,5.9,5.3,11.8,2774.0,Jan,46,540092
HP100881,71.8,2,1.1,21,23,2013,Industrial,townhouse,good,no,no,no,yes,C,4.6,5.3,14.0,1187.0,Jun,67,216181
HP100367,136.9,3,1.0,6,6,1988,Riverside,apartment,good,no,no,yes,yes,D,10.0,0.5,7.7,2932.0,Sep,40,720461
HP100829,98.1,2,1.0,24,29,1976,Suburb,apartment,fair,yes,yes,no,yes,C,7.1,1.9,11.5,2949.0,Apr,48,509876
HP101770,59.8,1,1.2,1,5,2018,University,townhouse,excellent,yes,no,yes,no,A,7.7,2.8,2.3,2434.0,Sep,49,548542
HP100299,64.8,1,1.0,22,23,1970,Industrial,apartment,good,no,yes,no,no,A,3.9,6.4,14.6,1268.0,Dec,61,148994
HP100048,144.7,4,3.2,10,19,2025,Riverside,apartment,good,no,yes,yes,yes,B,7.9,3.0,6.6,3378.0,Dec,57,813763
HP101047,78.5,2,2.3,22,35,2016,Airport,apartment,good,no,yes,yes,yes,C,4.8,6.7,13.1,1302.0,Oct,86,366685
HP100147,96.5,2,1.6,5,19,2013,University,studio,fair,no,yes,no,no,C,7.5,1.6,6.1,1281.0,Nov,58,446572
HP101017,48.4,0,1.0,1,6,1997,Green Hills,house,fair,yes,yes,yes,no,C,8.8,0.5,3.9,3845.0,Jul,63,590310
HP101612,94.6,2,,2,4,1999,Airport,house,fair,no,no,yes,yes,B,5.5,4.3,10.6,2008.0,Oct,48,435474
HP100981,37.8,1,1.0,2,11,1996,Airport,apartment,new,no,yes,no,yes,C,5.4,5.8,14.3,1801.0,Oct,93,271953
HP100378,108.7,3,1.9,11,11,1990,Old Town,apartment,good,no,yes,no,yes,E,5.6,2.8,3.1,2160.0,Nov,46,463026
HP101495,52.8,1,1.0,6,8,1965,Industrial,studio,excellent,yes,yes,yes,no,,4.4,5.2,15.7,1660.0,Oct,53,260530
HP100624,81.0,0,1.0,14,18,2004,Market,studio,excellent,yes,yes,yes,yes,E,6.2,2.3,4.0,1099.0,May,72,464216
HP100193,77.0,2,1.7,18,19,2011,Green Hills,apartment,good,no,no,yes,no,B,7.6,0.8,5.9,3782.0,Jan,13,597094
HP100781,66.6,1,1.7,10,11,1965,Green Hills,townhouse,good,no,yes,yes,yes,,7.7,0.7,7.4,4201.0,Jul,77,510494
HP100542,107.1,3,2.6,1,5,1994,Green Hills,house,fair,no,no,no,no,D,9.0,2.0,7.3,3953.0,Mar,27,657470
HP100515,71.8,2,1.0,12,14,1969,Suburb,apartment,fair,no,yes,no,no,C,5.9,4.4,12.0,2134.0,Oct,51,282759
HP100648,78.6,3,3.4,9,14,1970,Riverside,house,excellent,no,yes,yes,yes,B,,0.5,8.6,3224.0,Oct,29,673990
HP101329,119.1,3,3.0,4,11,1979,Suburb,studio,good,yes,yes,yes,yes,C,6.5,2.2,10.0,2609.0,Oct,66,586419
HP101123,68.0,3,2.7,3,5,1979,Suburb,house,good,yes,no,yes,yes,E,6.2,4.0,13.1,3670.0,Jun,73,538203
HP101079,119.1,3,2.2,25,27,1991,Old Town,apartment,excellent,no,yes,yes,yes,,6.0,4.3,3.8,2560.0,Apr,62,612071
HP101649,65.7,2,2.1,25,31,1971,Airport,townhouse,good,yes,yes,no,no,E,5.2,4.1,14.8,1192.0,Dec,80,251443
HP100439,40.0,1,1.3,10,10,1972,Industrial,house,good,no,yes,yes,no,C,4.6,5.1,16.1,1783.0,Dec,45,203561
HP100077,101.5,2,1.3,10,23,1973,Industrial,apartment,good,yes,yes,yes,yes,D,4.4,5.0,14.6,1362.0,Jan,33,359692
HP100331,242.5,5,4.5,18,22,2006,Suburb,townhouse,fair,no,yes,no,no,C,7.9,3.9,9.1,3165.0,Apr,73,1046049
HP100993,107.8,1,1.0,19,26,1972,Suburb,studio,fair,no,no,no,yes,B,7.7,2.2,11.3,2732.0,Sep,67,398239
HP100991,58.4,1,1.9,24,24,2004,Airport,apartment,good,no,yes,no,yes,C,6.2,4.9,12.7,1543.0,Aug,32,275260
HP101519,49.0,1,1.4,19,30,1977,Suburb,apartment,excellent,no,no,no,no,B,6.4,3.5,11.7,2931.0,Dec,60,369266
HP100585,91.4,2,1.8,25,31,2011,Industrial,townhouse,new,yes,yes,yes,no,C,5.7,4.3,13.7,1440.0,Dec,76,968625
HP101791,76.1,2,1.0,8,18,2012,Old Town,apartment,poor,no,yes,no,yes,C,5.2,4.7,2.0,1703.0,Aug,33,239215
HP101071,151.5,2,,7,19,2004,Industrial,apartment,excellent,no,no,yes,no,C,4.2,5.4,14.1,2690.0,Mar,71,504868
HP100536,99.6,3,2.5,6,12,1974,University,townhouse,good,no,no,yes,no,C,7.6,0.5,4.1,2228.0,Dec,72,602399
HP101343,78.7,0,1.0,2,15,2008,University,apartment,new,no,no,no,no,E,7.0,3.9,5.5,2459.0,Dec,81,439664
HP101458,72.3,1,1.0,24,32,2018,Market,house,good,no,yes,no,yes,C,7.1,4.4,3.4,1817.0,Aug,41,494005
HP100528,59.4,3,2.8,11,11,2000,Airport,house,good,no,no,yes,yes,D,4.3,6.1,14.9,2077.0,Feb,36,409929
HP101480,75.2,2,1.9,8,15,2003,Business Bay,house,fair,yes,no,yes,no,B,8.3,1.9,2.7,4861.0,Jun,64,722724
HP100140,78.4,0,1.6,8,20,1971,University,apartment,good,no,yes,yes,yes,E,6.7,3.1,5.3,2816.0,Mar,38,460416
HP100852,81.3,2,1.4,1,5,1990,Green Hills,townhouse,good,no,no,no,yes,D,9.2,1.7,8.5,3868.0,Dec,57,573469
HP101150,140.6,4,4.0,6,10,2025,Suburb,apartment,good,yes,yes,no,yes,C,7.2,2.3,10.7,2276.0,Jul,60,722719
HP100730,92.9,3,2.9,4,12,2016,Old Town,house,good,no,no,yes,yes,C,6.1,4.9,4.2,2691.0,Aug,40,513539
HP101697,72.5,1,1.6,3,11,1966,Airport,townhouse,good,,yes,yes,no,B,5.8,3.9,13.3,1778.0,May,65,331701
HP100612,78.9,2,2.3,17,26,2024,Market,apartment,good,yes,yes,no,yes,C,6.9,1.6,3.4,2400.0,Jun,58,531734
HP100162,66.0,2,1.5,7,14,2012,Suburb,house,excellent,no,yes,yes,yes,C,7.9,1.2,10.0,2500.0,Jun,55,574808
HP100113,108.8,4,3.8,25,39,1973,University,house,good,no,yes,no,no,C,6.8,,4.3,3127.0,Sep,59,636111
HP101031,137.3,3,2.4,23,25,1981,Riverside,apartment,excellent,no,no,no,yes,C,8.8,2.6,5.7,3887.0,Dec,15,784569
HP101536,129.8,3,2.6,24,29,1996,Airport,house,new,no,no,no,no,B,4.1,6.4,14.9,2514.0,Jul,52,639701
HP101039,158.7,4,2.6,11,19,2013,Suburb,apartment,good,yes,yes,yes,no,C,7.1,3.0,9.3,2423.0,Sep,53,652767
HP101510,81.8,0,1.0,24,32,1965,Suburb,studio,excellent,yes,yes,yes,yes,D,7.7,0.9,10.5,2941.0,Apr,67,472811
HP100610,125.7,3,2.4,20,30,1998,University,house,poor,no,yes,no,yes,D,6.9,3.9,3.5,2419.0,May,97,571673
HP101149,119.9,2,2.1,3,14,1996,Green Hills,townhouse,excellent,no,yes,no,yes,B,8.9,0.7,7.8,4283.0,Sep,71,791631
HP100530,80.4,3,1.2,7,15,2012,Riverside,house,fair,no,yes,no,no,C,7.8,4.9,5.3,2477.0,Dec,80,564757
HP101482,87.3,1,1.3,9,17,1984,Industrial,apartment,good,no,yes,yes,no,A,4.4,4.0,16.1,1116.0,Jan,60,223125
HP101747,104.8,2,1.2,19,21,2011,University,studio,good,no,yes,no,no,D,7.1,5.5,4.4,2790.0,Aug,64,1039365
HP100454,47.3,2,1.0,7,13,2014,Downtown,studio,new,yes,yes,yes,yes,C,7.5,2.1,2.4,3674.0,Oct,61,599404
HP100430,140.8,2,2.1,15,18,1986,Market,apartment,poor,no,yes,no,no,C,6.2,2.9,5.1,2552.0,Sep,49,510770
HP101754,119.3,3,3.4,18,32,1998,Old Town,apartment,good,yes,yes,no,no,A,5.0,3.1,3.0,2359.0,Jun,69,646903
HP100476,76.3,1,1.3,1,12,2016,Business Bay,house,good,no,no,no,no,D,7.7,3.0,1.8,4376.0,Feb,27,561520
HP100833,104.3,4,4.0,14,23,1976,Riverside,house,new,no,yes,yes,yes,B,8.7,,7.3,2888.0,Mar,56,836989
HP100625,260.0,5,4.2,5,15,1973,Business Bay,house,excellent,no,no,no,yes,A,8.6,1.4,3.0,4015.0,Jun,37,1368467
HP100846,74.4,2,3.1,24,31,1970,Business Bay,house,good,yes,yes,yes,yes,E,8.6,1.1,2.0,3905.0,Oct,38,689990
HP100961,70.4,3,3.4,14,15,1987,Business Bay,studio,excellent,no,yes,no,no,B,9.6,1.5,1.8,4192.0,Jan,52,623631
HP100005,86.9,1,1.3,17,26,1986,Market,house,good,no,no,no,yes,B,5.8,5.1,6.2,1649.0,Sep,54,814872
HP100918,176.8,4,3.7,1,3,1985,Old Town,apartment,fair,no,yes,no,no,C,5.1,4.1,3.7,2064.0,Mar,53,661001
HP100420,135.1,4,4.5,21,22,1996,Industrial,apartment,excellent,no,yes,yes,yes,C,5.2,5.4,16.9,1846.0,Jan,70,561273
HP100611,76.3,3,3.4,15,23,1968,Industrial,studio,good,no,yes,yes,yes,,3.0,9.2,15.0,1738.0,Mar,70,188660
HP101449,89.8,2,1.4,18,21,1997,Suburb,house,good,no,yes,no,yes,C,7.8,1.9,10.3,2801.0,Oct,36,527773
HP100369,87.5,1,,15,21,1996,Green Hills,house,fair,yes,yes,yes,yes,A,8.3,1.6,7.1,3342.0,Jan,71,733161
HP100675,117.0,4,2.3,25,26,1968,Business Bay,apartment,good,no,yes,no,no,B,8.3,0.5,3.6,4319.0,Mar,55,751386
HP100272,168.5,4,2.4,6,13,1998,Downtown,apartment,good,no,yes,no,no,C,8.4,0.9,1.5,3068.0,Feb,56,818804
HP100102,97.7,2,1.8,15,15,1992,Suburb,townhouse,excellent,no,yes,no,yes,D,7.3,2.0,11.0,1709.0,Oct,32,434041
HP100275,154.2,4,3.1,4,5,1978,Business Bay,house,good,no,yes,no,yes,,8.0,0.5,1.6,3831.0,Jan,17,900312
HP100269,53.9,1,1.2,3,11,2000,Downtown,house,good,no,no,yes,no,B,7.6,0.8,0.9,3458.0,Apr,52,580614
HP100353,106.0,3,3.0,15,22,2002,University,townhouse,good,no,yes,yes,yes,D,7.4,0.8,3.1,2277.0,Jun,44,699951
HP100325,82.8,0,1.0,2,5,2000,Industrial,apartment,excellent,no,no,no,no,D,3.2,7.2,14.0,700.0,Aug,81,184361
HP101644,83.9,0,1.5,5,11,2003,Suburb,townhouse,excellent,no,yes,yes,yes,B,6.9,4.4,11.4,2905.0,Mar,70,569877
HP100070,58.0,0,1.0,1,15,2020,Suburb,apartment,good,no,yes,yes,yes,A,6.3,1.5,11.1,3181.0,May,41,457417
HP100466,74.7,1,1.7,19,27,2011,Industrial,townhouse,good,no,yes,yes,yes,C,4.6,5.6,13.4,1159.0,May,92,271862
HP101541,73.8,3,1.6,20,24,1997,Suburb,townhouse,excellent,yes,yes,no,yes,B,7.2,2.5,13.7,2975.0,Jan,88,591257
HP100046,53.1,3,2.3,4,11,1967,Old Town,apartment,,yes,no,no,yes,D,5.8,4.1,0.7,1995.0,Dec,44,350567
HP101647,91.6,3,2.1,1,7,2017,Airport,townhouse,good,no,yes,yes,no,C,5.1,,11.6,2087.0,Jul,50,399752
HP101622,68.7,1,1.0,19,32,2018,Airport,house,fair,yes,yes,yes,no,B,4.7,6.1,13.2,2526.0,Feb,73,351155
HP100397,51.8,3,2.6,14,24,1984,Old Town,house,fair,no,yes,yes,no,C,,3.1,4.2,2515.0,Mar,73,390401
HP100050,112.5,2,2.3,18,22,2007,Suburb,apartment,poor,no,yes,no,no,C,8.0,2.0,10.3,3149.0,Aug,40,478936
HP100408,86.0,2,1.6,11,24,1982,Downtown,apartment,excellent,no,yes,no,yes,A,8.0,1.6,0.7,3102.0,Jul,35,659597
HP101419,66.4,2,1.6,5,10,2012,Market,apartment,new,yes,yes,yes,yes,E,5.5,4.5,4.9,2446.0,Jan,14,518761
HP100643,101.8,3,1.4,7,12,1980,Suburb,house,excellent,no,yes,yes,yes,A,5.9,2.0,11.9,2754.0,Nov,90,653099
HP100539,98.8,2,1.6,15,26,1966,Green Hills,apartment,new,no,yes,no,yes,C,9.4,0.5,6.5,3666.0,Jun,65,716781
HP100004,64.9,2,2.3,6,9,2014,Downtown,house,fair,no,yes,no,yes,D,7.7,2.0,0.7,3883.0,Jun,57,560243
HP100701,102.7,1,1.0,19,22,1972,Old Town,house,good,no,yes,yes,no,B,5.5,5.1,4.0,3020.0,Aug,49,425709
HP100516,107.0,3,2.3,19,23,1984,Old Town,apartment,excellent,no,yes,yes,yes,C,4.9,4.9,2.9,1287.0,Sep,64,523723
HP101739,53.1,0,1.0,8,12,1994,Airport,apartment,good,no,yes,no,yes,B,4.0,5.8,14.5,1845.0,Aug,88,199155
HP101155,72.3,2,2.2,8,14,2019,Downtown,apartment,excellent,no,yes,no,no,,8.1,1.4,0.8,3760.0,Oct,48,661917
HP100670,99.7,2,1.8,3,15,1993,Suburb,apartment,good,no,yes,yes,yes,B,,3.8,8.5,2500.0,Sep,51,541433
HP101635,83.0,3,2.5,8,11,1990,Business Bay,house,good,no,yes,yes,yes,C,6.9,3.2,1.6,3477.0,Sep,56,673276
HP100532,80.1,2,1.8,4,16,1983,Old Town,townhouse,new,no,yes,yes,yes,B,6.1,3.0,3.6,2619.0,Jul,79,531845
HP100937,99.9,2,2.2,13,26,2006,Suburb,house,good,no,yes,yes,no,D,8.4,0.5,10.1,2003.0,Oct,63,626007
HP101156,105.9,3,4.2,9,19,1978,Downtown,apartment,good,no,yes,no,no,E,6.8,3.4,1.1,3360.0,Jan,40,582865
HP101131,64.0,2,1.2,19,28,1966,University,apartment,new,yes,yes,yes,yes,B,6.6,2.7,4.0,2939.0,Feb,70,577465
HP101592,77.6,2,1.6,18,26,1979,Market,studio,good,no,yes,yes,yes,C,6.5,2.8,6.2,1340.0,Aug,66,423735
HP101008,127.1,3,3.4,19,33,1975,Riverside,apartment,fair,no,yes,yes,yes,D,8.5,2.6,6.5,3338.0,May,37,721916
HP100474,95.4,3,2.0,1,13,1998,Suburb,townhouse,good,yes,yes,yes,yes,C,6.9,4.1,9.9,3264.0,Dec,32,565706
HP101391,59.4,1,1.0,14,14,1995,Green Hills,apartment,good,yes,no,yes,yes,B,8.7,0.5,7.4,4220.0,Aug,25,611336
HP101425,70.2,3,2.0,25,30,2024,Business Bay,townhouse,good,no,yes,yes,no,C,9.3,0.5,1.5,4213.0,Oct,56,647160
HP100998,88.6,4,3.6,24,34,1982,Market,house,excellent,yes,yes,yes,yes,D,7.0,3.0,5.2,2621.0,Nov,49,669545
HP100358,52.7,1,2.0,14,14,1974,University,apartment,good,no,yes,no,yes,D,6.7,3.4,5.7,2323.0,Nov,71,413207
HP101002,76.7,1,1.0,7,8,1980,Suburb,apartment,fair,no,yes,yes,yes,B,7.8,3.1,9.0,2373.0,Apr,42,437327
HP100434,65.0,2,2.1,18,21,2009,Downtown,townhouse,good,yes,no,no,yes,C,7.5,1.0,0.3,2909.0,Oct,46,714109
HP101724,118.2,3,1.4,14,25,1974,University,house,excellent,no,yes,no,yes,C,7.3,2.2,5.1,1203.0,Feb,65,674556
HP101141,88.0,2,1.5,11,18,2025,Airport,apartment,poor,yes,no,yes,yes,C,4.9,5.5,13.1,1967.0,Sep,81,295411
HP101735,147.2,5,4.1,9,19,2005,Riverside,townhouse,excellent,no,yes,yes,yes,D,9.0,1.5,5.8,3482.0,Mar,30,911942
HP100996,138.9,3,2.2,4,8,1986,Industrial,house,good,no,yes,yes,yes,C,4.7,3.1,13.5,1171.0,May,35,654381
HP100093,84.4,2,1.9,5,17,1989,Old Town,apartment,excellent,no,yes,yes,yes,C,5.0,5.7,3.7,2069.0,Jun,84,458573
HP100907,65.7,2,1.6,18,32,2004,Downtown,apartment,excellent,no,yes,no,no,,6.3,4.1,0.2,4196.0,Oct,58,592522
HP101346,110.3,0,1.0,9,9,1974,Business Bay,townhouse,good,no,yes,yes,yes,C,7.8,2.6,0.7,4668.0,Sep,39,685848
HP100708,65.9,0,1.0,14,21,1980,Business Bay,house,new,yes,yes,no,yes,B,8.1,2.1,0.4,4715.0,Jun,66,750551
HP101579,77.8,1,1.6,15,26,1983,Green Hills,studio,fair,no,yes,yes,no,C,8.7,1.7,6.6,3801.0,Dec,57,498514
HP101500,60.0,1,1.2,17,18,1975,Riverside,studio,good,yes,yes,yes,no,B,8.4,3.0,8.1,3580.0,Jul,35,464966
HP100810,127.4,4,3.2,13,22,2003,Downtown,studio,excellent,no,yes,yes,no,B,,2.3,1.6,3280.0,Jul,47,740611
HP101211,57.3,2,2.0,25,39,1968,Green Hills,studio,fair,no,yes,no,yes,C,9.1,0.5,6.2,4065.0,Dec,35,434755
HP101137,72.2,2,2.7,10,16,1987,Business Bay,apartment,good,yes,no,yes,yes,B,8.6,1.8,4.8,4180.0,Jan,58,662195
HP101317,62.9,0,1.0,16,23,2024,Downtown,house,good,no,yes,no,no,C,7.9,3.2,2.8,3516.0,Apr,88,538256
HP100188,104.4,3,2.5,23,30,1990,Riverside,studio,poor,no,yes,no,yes,C,8.2,2.0,7.7,3289.0,Apr,76,535180
HP101652,126.0,5,3.5,21,24,2024,Suburb,apartment,new,,yes,yes,yes,B,7.5,1.3,12.3,,Mar,50,795407
HP101077,76.6,2,1.6,19,25,2009,University,apartment,fair,yes,yes,no,yes,B,7.4,3.8,2.4,2339.0,Jul,102,484952
HP100792,97.3,3,1.9,21,29,1995,Old Town,house,new,yes,yes,no,yes,D,7.0,4.6,4.0,1893.0,Mar,60,573379
HP101702,119.8,2,1.8,2,4,2008,Old Town,apartment,good,yes,no,yes,yes,C,5.0,4.4,1.0,2107.0,Aug,76,606754
HP100343,99.5,3,2.5,17,26,1974,Industrial,townhouse,good,no,no,no,yes,A,4.1,4.5,13.5,1582.0,Dec,59,353459
HP101268,87.9,2,1.8,13,18,2015,University,townhouse,good,no,yes,yes,yes,C,6.9,3.5,6.0,2982.0,Jan,55,565572
HP100007,46.9,0,1.0,3,11,1980,Airport,apartment,good,no,yes,no,yes,C,5.8,4.1,13.1,1882.0,Feb,44,200122
HP100759,73.9,0,1.0,15,26,1980,Business Bay,apartment,poor,no,yes,yes,yes,C,8.2,1.1,3.5,3409.0,Jul,19,514886
HP101678,146.5,4,3.3,2,5,1991,Green Hills,studio,excellent,no,no,no,no,B,9.6,0.5,8.4,4412.0,Aug,61,823550
HP101223,84.1,2,2.8,16,24,2013,Industrial,house,fair,no,yes,yes,no,A,4.6,5.3,13.3,1673.0,Jan,53,352563
HP100215,111.8,3,4.0,3,11,2017,Riverside,house,new,no,yes,no,no,C,9.1,3.4,7.9,2932.0,Apr,60,816604
HP100109,184.6,4,3.3,3,6,1981,Green Hills,studio,excellent,no,no,no,yes,B,9.1,0.8,7.8,3837.0,Oct,58,848967
HP100219,72.3,1,2.1,10,21,1996,Business Bay,apartment,good,no,yes,yes,yes,D,7.4,2.9,1.1,4272.0,Sep,61,573894
HP101542,88.0,4,3.6,11,15,1989,Old Town,apartment,good,no,yes,no,no,C,5.2,4.6,2.0,,Mar,41,510065
HP100886,66.0,2,2.6,17,28,1978,Business Bay,apartment,good,no,no,no,yes,A,8.7,0.5,4.6,4271.0,May,19,603665
HP101472,71.0,1,1.7,11,24,2017,Downtown,house,good,yes,yes,yes,yes,D,8.0,1.8,1.2,4255.0,May,31,740886
HP100840,118.0,1,1.2,23,36,1974,Downtown,house,excellent,yes,yes,yes,no,D,7.0,0.5,1.8,3443.0,Jul,42,736744
HP101504,63.7,1,1.9,7,10,2015,Airport,house,good,yes,yes,yes,yes,A,6.0,5.7,11.8,1865.0,Aug,49,528559
HP101600,116.2,3,2.2,18,22,2025,Green Hills,apartment,good,no,yes,no,no,C,8.7,1.7,7.9,4456.0,Aug,44,718868
HP100728,93.2,3,3.1,11,23,1981,Business Bay,townhouse,good,no,no,no,no,A,7.2,3.3,1.2,4729.0,Oct,67,754429
HP100027,99.9,1,1.8,11,11,2005,Downtown,house,,no,yes,yes,no,D,7.9,0.5,2.3,3643.0,Jan,50,660099
HP100230,45.5,2,2.7,15,25,1967,Suburb,apartment,excellent,no,yes,yes,yes,D,7.6,1.7,11.2,3060.0,Oct,12,476902
HP101591,74.1,2,2.2,15,17,2001,Downtown,house,good,yes,yes,no,yes,A,7.1,4.3,0.2,3765.0,Mar,63,699340
HP100506,51.1,1,1.2,22,31,1976,Old Town,house,good,no,no,no,no,C,6.3,,6.1,2760.0,May,51,330898
HP100415,114.1,3,2.2,17,28,2012,Suburb,apartment,good,no,yes,yes,yes,B,8.3,3.0,10.6,2523.0,Mar,88,583353
HP100052,103.2,2,1.1,5,17,1996,Airport,house,good,yes,yes,yes,yes,C,5.5,3.9,13.3,1568.0,Jan,68,487043
HP101521,63.9,1,1.6,20,22,1981,University,apartment,good,no,yes,no,no,B,7.1,2.7,4.2,3208.0,Jul,72,413113
HP101648,60.7,3,3.4,15,18,1966,Green Hills,apartment,good,no,yes,no,yes,D,9.5,3.3,7.2,4299.0,Mar,38,559276
HP100808,60.1,1,1.0,1,13,2021,University,house,excellent,no,yes,no,yes,B,6.9,3.8,4.3,3163.0,Apr,57,540297
HP100623,96.2,3,2.9,13,17,2010,Business Bay,apartment,good,no,yes,yes,yes,B,7.0,2.6,2.6,3883.0,Aug,35,683486
HP101753,64.3,2,1.6,1,8,2010,Airport,house,good,yes,yes,no,yes,C,4.6,4.8,13.1,1306.0,Jan,48,304147
HP100586,63.7,1,1.0,2,15,1996,Suburb,studio,new,yes,yes,yes,yes,B,6.5,3.6,11.5,2924.0,Sep,2,564379
HP100800,108.1,2,1.5,1,10,1995,Riverside,apartment,good,yes,no,yes,no,A,7.0,3.0,7.6,3643.0,Mar,88,604041
HP101176,94.7,1,1.0,17,17,2006,Business Bay,house,good,yes,yes,no,yes,C,7.6,2.3,0.3,4741.0,Jun,35,746760
HP100558,53.9,0,1.0,19,21,1965,University,studio,good,yes,yes,no,yes,B,6.9,3.0,4.5,1966.0,Jul,58,241837
HP100196,81.0,1,1.3,25,28,2004,Industrial,apartment,poor,no,yes,no,no,E,4.4,5.0,14.6,1288.0,Jan,71,142239
HP101143,59.8,2,2.1,4,5,1997,Green Hills,apartment,fair,yes,no,no,yes,B,9.1,1.9,4.7,4459.0,Mar,27,564529
HP101164,158.1,4,3.4,11,25,2001,Suburb,apartment,good,no,yes,no,yes,A,6.9,3.0,9.5,2933.0,Dec,45,791263
HP101237,49.7,1,1.0,20,24,2007,Business Bay,apartment,good,yes,yes,no,no,E,8.0,2.4,2.0,3934.0,Oct,33,503262
HP100638,66.0,1,1.4,4,11,2022,Airport,apartment,excellent,no,no,yes,yes,A,4.9,5.2,12.8,1805.0,May,83,372646
HP101705,40.4,2,2.2,4,15,2022,Market,house,fair,yes,no,no,no,D,5.6,3.9,5.4,2067.0,Aug,43,383258
HP100959,104.0,2,1.4,13,21,2006,University,house,excellent,no,yes,no,yes,B,7.4,3.4,4.7,2233.0,Dec,112,618737
HP100064,109.4,4,3.1,6,13,1987,Industrial,house,fair,no,yes,yes,yes,C,3.7,7.3,18.1,2112.0,Feb,87,477842
HP101683,78.8,2,1.7,5,15,1965,Suburb,house,good,no,yes,no,yes,D,6.7,1.7,11.9,2807.0,Dec,60,474331
HP100069,185.4,5,4.2,22,29,1976,Business Bay,townhouse,good,yes,yes,yes,yes,C,6.7,4.1,1.4,4183.0,Mar,29,1000305
HP101407,51.9,0,1.0,20,27,2006,Downtown,apartment,excellent,no,no,yes,yes,C,7.1,3.2,1.5,3719.0,Nov,45,555421
HP101437,42.8,1,1.8,14,21,1976,University,apartment,fair,no,no,yes,no,C,7.9,2.2,5.4,2529.0,Apr,53,381553
HP101246,96.0,3,3.1,6,13,1988,Industrial,house,good,no,yes,yes,no,B,4.0,6.0,14.4,1867.0,Aug,64,379282
HP100379,46.6,3,3.5,23,33,1975,Riverside,studio,good,no,no,no,yes,D,7.6,2.3,5.2,3311.0,Jun,50,434981
HP100267,143.1,3,2.3,25,27,1990,Suburb,studio,good,yes,no,yes,yes,C,6.5,1.7,11.1,2676.0,Jun,51,661638
HP100764,146.2,3,2.2,3,10,1976,Green Hills,house,excellent,no,yes,no,yes,B,9.2,0.9,8.6,4695.0,Nov,64,920339
HP101099,160.8,3,2.8,15,26,1974,Suburb,apartment,good,no,yes,yes,yes,C,7.1,4.1,9.9,2693.0,Mar,79,679687
HP101098,69.5,0,1.0,5,11,2011,Green Hills,house,fair,no,yes,no,yes,B,9.3,0.5,7.4,4081.0,Mar,62,537126
HP100883,52.9,1,1.4,2,9,2003,Business Bay,house,excellent,no,yes,yes,no,D,7.2,3.8,2.2,4210.0,Jun,76,595142
HP100138,108.5,2,2.0,10,21,1999,Airport,apartment,fair,no,no,yes,yes,C,4.8,6.4,12.2,1895.0,Mar,71,357221
HP100574,203.4,6,4.5,13,16,1984,Green Hills,apartment,excellent,no,yes,no,yes,C,8.8,0.5,5.6,3670.0,May,65,1109181
HP100218,88.0,2,1.8,9,13,1989,Market,house,excellent,yes,yes,yes,no,C,4.8,4.9,4.8,2194.0,Mar,65,582844
HP101675,104.0,3,3.5,1,9,2022,Market,apartment,good,no,no,yes,yes,B,5.2,6.6,5.2,2636.0,Nov,69,609672
HP100357,54.0,1,1.0,12,20,1975,Airport,apartment,good,no,yes,yes,yes,D,5.4,2.8,13.7,1980.0,Sep,66,243836
HP100483,53.2,2,2.5,20,31,2009,Old Town,house,new,no,no,yes,no,B,6.4,2.2,1.6,2311.0,Jul,80,589156
HP101250,58.8,2,1.6,10,13,1991,Downtown,studio,,no,yes,yes,yes,D,8.1,1.6,0.4,3880.0,May,54,558411
HP100235,67.4,1,1.2,10,17,2002,Airport,townhouse,excellent,no,no,no,yes,D,4.0,8.5,13.7,2216.0,Mar,65,299891
HP100962,114.2,3,2.9,15,20,1984,Suburb,apartment,good,no,yes,yes,no,C,7.3,1.5,11.8,2929.0,Feb,46,493473
HP100787,68.3,3,2.2,23,25,1986,Old Town,apartment,fair,yes,yes,no,yes,D,6.8,1.8,1.1,2579.0,Jul,50,478427
HP100237,114.2,2,1.9,15,28,2014,Airport,apartment,good,yes,yes,yes,yes,C,4.7,4.5,12.8,2061.0,Dec,102,460764
HP101578,103.9,2,2.4,10,19,2014,Market,apartment,good,no,yes,no,no,E,6.3,2.6,4.3,2402.0,May,40,453460
HP101283,72.8,3,3.0,18,20,1991,Industrial,townhouse,good,yes,yes,yes,yes,E,4.1,4.9,12.3,1409.0,Mar,92,374935
HP101439,187.7,5,3.2,21,28,2000,Market,apartment,good,no,yes,no,no,C,7.6,3.9,3.0,1914.0,Apr,49,792534
HPDUP015,69.8,3,2.4,4,18,1965,Market,apartment,,no,no,yes,yes,C,6.5,2.1,4.6,2323.0,Dec,66,450420
HP101745,120.7,2,2.2,13,14,1982,Industrial,house,new,no,yes,no,yes,C,5.1,5.7,11.3,2095.0,Oct,74,1082940
HP101228,79.7,2,1.0,12,20,2004,Market,house,good,no,yes,yes,yes,C,5.4,3.2,3.9,2598.0,Oct,56,551748
HP101299,35.0,1,1.1,3,10,1985,Old Town,apartment,good,no,no,yes,yes,D,6.2,3.8,3.3,2301.0,Aug,38,270082
HP100707,54.4,2,2.9,25,35,1970,Airport,studio,good,yes,yes,no,yes,B,4.9,4.4,12.1,1826.0,Dec,49,214224
HP101260,62.0,2,1.0,2,4,1983,Downtown,house,fair,no,yes,no,yes,B,7.6,0.9,1.2,3808.0,Aug,55,635543
HP101417,105.0,1,1.4,1,7,1996,University,apartment,good,no,yes,yes,no,E,6.3,3.6,5.9,2430.0,Sep,49,491944
HP101108,172.3,4,3.7,7,20,1993,Market,studio,good,yes,yes,yes,no,C,4.9,5.7,5.0,3298.0,Feb,58,709765
HP101539,85.0,2,2.0,17,19,2009,Business Bay,house,good,yes,yes,no,yes,E,8.5,0.7,2.0,4755.0,Mar,50,782910
HP100898,80.4,3,2.0,16,23,1972,Suburb,apartment,,no,yes,no,yes,C,6.0,4.7,9.1,2762.0,Oct,89,425398
HP100100,134.7,4,2.3,2,10,2022,Green Hills,house,excellent,no,yes,yes,yes,E,9.2,1.3,7.7,3937.0,Mar,56,861959
HP100590,34.2,1,2.3,9,22,2015,Market,house,poor,no,yes,yes,no,D,6.1,3.4,4.9,3152.0,Oct,86,337337
HP101255,31.3,2,1.6,16,21,2007,Green Hills,house,good,yes,yes,no,no,,9.2,3.1,6.3,3339.0,Apr,34,577417
HP100332,119.0,2,2.6,3,5,2023,Riverside,studio,new,yes,no,no,yes,D,8.2,1.2,7.0,3467.0,Mar,42,687257
HP100175,82.9,0,1.0,1,1,2024,Downtown,apartment,fair,yes,no,yes,no,B,8.2,1.3,3.0,3744.0,Mar,30,586652
HP100674,125.4,1,1.0,10,17,2009,Industrial,apartment,fair,no,yes,no,yes,E,4.6,6.7,14.4,2037.0,Jun,68,297185
HP100606,58.6,4,,7,18,1980,Green Hills,house,new,yes,yes,yes,yes,C,9.6,0.9,4.5,4088.0,Apr,46,836134
HP100440,64.2,1,1.1,8,20,2009,Green Hills,apartment,fair,no,yes,no,yes,B,10.0,0.5,7.0,4033.0,May,70,579336
HP101007,88.1,2,1.4,20,30,1973,Old Town,townhouse,good,yes,yes,no,yes,B,3.7,4.3,3.6,2841.0,Oct,93,462859
HP100822,86.6,2,2.3,7,14,1996,Old Town,apartment,good,no,yes,no,no,C,5.2,5.1,2.5,2003.0,May,60,467733
HP101296,85.1,2,1.4,5,7,2015,Downtown,apartment,new,yes,yes,yes,yes,C,7.2,1.7,2.2,2912.0,Jun,80,730005
HP100258,129.6,4,3.1,9,13,1974,Downtown,apartment,excellent,no,yes,no,yes,C,7.9,0.6,2.8,3854.0,Apr,37,844915
HP101669,93.4,3,2.8,12,23,1993,Green Hills,studio,good,yes,yes,yes,yes,C,9.8,0.5,8.4,4338.0,Aug,25,646711
HP100374,54.0,3,1.8,20,22,1982,Suburb,apartment,excellent,no,yes,no,yes,A,7.2,2.8,8.7,3044.0,Jun,19,506401
HP100945,83.9,2,1.3,14,25,2024,Suburb,townhouse,excellent,yes,no,no,yes,D,7.3,3.2,12.3,2998.0,Feb,45,502811
HP101497,161.8,3,2.3,9,14,1978,Industrial,house,good,no,yes,yes,no,D,5.0,6.9,16.7,2470.0,Dec,73,504708
HP100802,59.7,1,1.6,14,20,1989,Green Hills,apartment,excellent,no,no,no,yes,A,8.7,1.1,9.0,4075.0,Oct,31,599367
HP101254,92.4,2,2.2,23,32,2022,Suburb,house,good,no,yes,yes,yes,A,8.1,0.5,11.7,2842.0,Feb,60,640421
HP100082,43.6,0,1.0,23,25,2015,Airport,apartment,good,yes,yes,yes,no,B,4.5,4.1,11.0,1497.0,Mar,39,257445
HP101660,191.3,5,4.2,6,7,1983,Suburb,apartment,fair,yes,yes,yes,yes,C,7.3,3.5,10.0,3089.0,Mar,33,837074
HP101630,156.4,5,4.5,15,16,2015,Business Bay,house,excellent,yes,no,yes,yes,D,7.4,1.7,1.1,3658.0,Nov,60,994153
HP100437,73.3,3,3.0,15,26,2006,University,apartment,excellent,no,yes,yes,yes,B,6.8,4.1,2.2,2174.0,Aug,74,622108
HP100552,82.6,2,2.5,17,30,2019,Suburb,apartment,good,yes,no,yes,no,D,7.2,3.3,11.5,2051.0,Nov,19,415713
HP101066,90.6,3,2.8,16,22,1971,Business Bay,apartment,,yes,yes,yes,yes,B,7.6,1.6,1.6,3780.0,Oct,79,732888
HP100805,88.9,3,,7,16,2023,Suburb,apartment,new,no,yes,no,no,E,7.2,1.3,10.0,3309.0,Nov,87,588904
HP100072,63.2,1,1.0,25,31,1983,Green Hills,studio,new,yes,yes,yes,yes,D,10.0,0.5,6.8,3552.0,May,82,677347
HP101074,118.2,3,2.9,14,24,2006,Green Hills,apartment,excellent,no,yes,no,yes,B,10.0,1.9,8.2,4318.0,Dec,45,771129
HP100127,67.0,2,1.0,12,22,2002,Suburb,house,excellent,no,yes,no,yes,B,5.5,4.4,11.2,3343.0,Jan,74,460975
HP100768,73.3,1,1.0,6,17,1967,Downtown,house,excellent,yes,yes,yes,yes,C,8.6,3.1,1.6,3355.0,Oct,44,631514
HP100084,123.7,3,3.1,19,23,1989,Downtown,apartment,excellent,no,yes,yes,no,E,6.9,4.3,2.3,4033.0,Apr,72,823878
HP100544,94.0,3,2.1,24,37,1979,Suburb,house,fair,yes,yes,no,yes,C,7.4,2.4,11.8,3000.0,Apr,87,573329
HP100820,90.7,1,1.0,8,11,1997,Downtown,townhouse,good,no,yes,no,yes,,7.6,1.5,0.2,4161.0,May,67,645704
HP101085,87.1,1,1.0,22,36,2011,Riverside,apartment,good,no,yes,yes,yes,C,8.4,1.8,5.1,3343.0,Jan,56,540505
HP101398,134.9,2,2.5,22,22,1991,University,apartment,good,no,yes,no,yes,C,7.5,0.8,4.4,2030.0,Jan,43,542449
HP101263,86.7,2,3.1,2,8,2008,Market,studio,good,no,yes,no,no,C,5.6,7.1,4.6,1515.0,Jan,78,318576
HP101798,84.8,1,1.9,5,10,2018,University,studio,good,no,yes,yes,yes,C,7.2,1.7,6.2,2810.0,Feb,50,446239
HP101148,223.2,5,3.9,16,22,2008,University,studio,fair,yes,yes,no,no,A,6.3,2.3,7.7,2309.0,Feb,72,866168
HP100703,73.9,2,2.7,9,16,1989,Green Hills,townhouse,fair,yes,yes,no,no,B,8.4,2.0,8.2,4214.0,Apr,60,638471
HP101126,119.7,4,3.4,2,11,2019,University,house,good,no,no,no,yes,C,7.3,1.7,3.7,2526.0,Jan,18,620768
HP101617,50.9,1,1.2,8,9,2020,University,townhouse,good,no,yes,no,yes,C,7.2,1.5,3.2,2498.0,Aug,15,424228
HP101013,147.5,4,2.8,9,19,2016,Market,apartment,good,no,yes,no,no,A,6.4,2.5,4.5,1969.0,Mar,67,716310
HP100368,64.3,1,1.0,17,24,2009,Old Town,apartment,fair,yes,yes,no,yes,C,5.3,2.1,1.5,1876.0,Feb,72,378253
HP100450,58.7,1,1.0,18,29,1985,Downtown,house,excellent,no,no,yes,yes,E,7.5,3.7,2.6,3761.0,Feb,85,653572
HP100277,112.7,3,2.8,18,32,1986,University,apartment,good,yes,yes,no,no,C,7.2,2.0,5.9,2038.0,May,44,686140
HP100994,77.5,2,1.8,19,23,2014,Market,townhouse,good,no,yes,no,yes,B,5.6,5.0,4.1,2191.0,Dec,90,465905
HP101731,127.8,4,1.7,10,23,2004,Downtown,apartment,excellent,no,no,yes,yes,D,8.8,2.7,1.1,4158.0,Mar,53,797056
HP101004,57.3,0,1.0,12,22,2008,Industrial,apartment,good,yes,yes,yes,no,D,4.2,5.4,14.5,1972.0,Aug,51,171757
HP100582,101.1,3,2.3,16,21,1993,Downtown,apartment,good,yes,yes,yes,yes,D,7.0,4.1,0.4,3893.0,Dec,83,751562
HP100571,44.6,3,,7,15,1984,Green Hills,apartment,fair,no,yes,yes,no,D,8.7,1.1,8.1,4627.0,Dec,49,571040
HP100676,106.6,3,2.5,6,17,1986,Green Hills,apartment,excellent,yes,yes,yes,no,A,9.4,1.5,6.9,3839.0,Aug,32,826557
HP101378,61.9,1,1.0,5,6,2020,Industrial,apartment,good,yes,yes,no,no,B,3.7,7.2,15.7,1851.0,Aug,40,204196
HP100957,119.9,5,4.0,24,35,1990,University,house,good,no,yes,no,no,,8.0,0.5,4.5,3214.0,Sep,60,789914
HP100871,108.0,3,2.5,2,2,2018,Downtown,apartment,excellent,no,no,yes,yes,C,8.4,3.1,0.8,4579.0,Feb,55,773401
HP100916,104.7,2,2.2,9,22,2012,Downtown,house,good,no,yes,yes,no,D,7.2,2.1,0.6,3672.0,Apr,40,764655
HP100832,100.0,1,1.0,13,17,1980,Business Bay,studio,fair,no,yes,yes,no,D,6.6,3.4,3.8,4079.0,Dec,87,545703
HP100714,133.2,3,3.8,16,22,2007,Airport,apartment,good,no,yes,no,yes,A,5.2,3.0,12.8,2297.0,Jan,77,539393
HP100132,144.0,4,3.7,16,24,1997,University,townhouse,fair,no,no,yes,no,C,7.0,1.5,5.3,2749.0,Oct,78,788701
HP101253,157.3,3,2.0,1,3,1971,Industrial,townhouse,good,yes,no,yes,no,B,3.7,5.3,13.5,1525.0,Dec,100,551450
HP100091,149.6,4,3.7,1,5,2020,Riverside,townhouse,new,no,no,no,yes,B,8.2,2.1,5.8,3733.0,Apr,65,937633
HP101714,119.1,3,1.5,25,30,1991,Old Town,studio,new,no,yes,no,no,A,4.7,5.0,2.7,1749.0,Jun,48,571098
HP101465,92.2,2,,13,26,2025,Riverside,apartment,good,yes,yes,yes,yes,C,8.1,1.4,6.7,3719.0,Nov,39,647979
HP100593,86.6,3,2.0,6,14,1994,Industrial,apartment,good,no,yes,no,no,B,3.9,7.4,12.9,1445.0,Jan,86,288182
HP101384,38.8,0,1.0,3,8,2001,Market,apartment,good,no,no,yes,no,B,5.7,3.7,4.5,2481.0,Nov,37,264699
HP100809,72.4,1,1.0,16,25,2023,Market,apartment,poor,yes,no,no,yes,,6.5,4.9,2.8,2404.0,May,65,426947
HP100627,74.1,0,1.0,15,26,2013,Downtown,house,good,no,yes,yes,no,A,7.4,3.6,1.5,3780.0,Oct,63,666284
HP100428,137.0,4,2.4,22,27,1971,Downtown,apartment,excellent,yes,no,no,yes,C,8.3,1.4,1.3,3505.0,Apr,33,828463
HP100951,76.0,3,1.9,18,20,1975,Suburb,house,good,yes,yes,no,no,B,6.2,2.8,10.4,2628.0,Jan,58,534983
HP101381,138.0,3,3.8,1,12,1973,Downtown,apartment,good,no,yes,no,yes,B,7.6,1.8,3.0,3806.0,Jul,55,736173
HP101399,89.0,1,1.0,23,33,1977,Business Bay,studio,good,yes,yes,no,yes,B,8.9,2.9,4.3,4473.0,Sep,57,595330
HP100720,92.5,2,1.1,3,15,2013,University,apartment,fair,no,yes,yes,yes,E,7.1,4.7,3.5,3093.0,Dec,48,437528
HP100344,54.0,2,2.1,13,13,2021,Airport,apartment,,no,yes,no,no,,5.6,5.1,14.5,1668.0,Jul,73,310162
HP101216,200.7,6,4.5,16,22,1981,Old Town,studio,excellent,no,yes,no,yes,D,5.6,4.5,4.0,2270.0,Sep,44,800480
HP101568,112.2,2,3.3,15,21,2020,Business Bay,apartment,new,no,yes,no,yes,C,7.3,2.6,0.9,3947.0,Sep,62,860085
HP101168,66.9,2,2.3,13,25,1983,Airport,house,good,no,yes,no,yes,,5.4,4.8,14.2,1830.0,Jan,55,351099
HP100953,62.8,1,2.1,10,19,1975,Suburb,apartment,fair,no,no,yes,yes,A,8.6,2.1,11.1,2623.0,Jul,42,487866
HP100425,76.3,3,2.3,8,14,1975,Airport,apartment,excellent,no,yes,no,no,D,5.8,4.3,13.1,,Sep,82,402556
HP101235,94.2,1,1.0,21,30,1987,Downtown,house,good,no,yes,yes,yes,D,6.8,3.3,0.5,3947.0,Jan,64,696622
HP100051,54.5,3,,14,24,1987,Downtown,studio,poor,no,yes,yes,no,C,7.9,4.4,0.3,3385.0,Aug,71,540787
HP100180,65.6,1,1.1,25,26,2024,Green Hills,townhouse,excellent,no,yes,no,no,,8.9,0.7,7.8,3558.0,Dec,90,603833
HP101640,67.0,1,1.3,17,22,1974,Airport,apartment,excellent,yes,yes,no,yes,C,5.4,5.2,12.9,2251.0,Aug,64,269877
HP100971,57.4,1,1.6,16,18,2014,Downtown,townhouse,good,no,yes,no,yes,,7.1,1.7,0.2,4371.0,Jan,54,592568
HP101210,75.8,3,2.4,20,31,1977,Airport,apartment,good,no,yes,no,no,D,4.4,7.6,11.9,2115.0,Apr,79,220286
HP101102,241.7,6,4.5,12,12,2007,Airport,apartment,good,no,yes,yes,no,A,5.6,4.5,13.8,2878.0,Nov,43,899914
HP100827,71.2,2,2.0,25,29,2002,Suburb,apartment,good,no,yes,yes,yes,B,7.8,3.0,10.1,3307.0,May,73,497327
HP101463,65.3,3,3.6,13,26,1973,Old Town,house,excellent,no,yes,yes,yes,B,,4.4,2.5,1934.0,Mar,74,574699
HP100106,61.2,1,1.6,12,17,1969,Business Bay,apartment,good,no,no,yes,no,C,8.2,0.5,3.1,4594.0,Jan,65,574884
HP100716,59.4,3,2.7,25,25,2011,University,apartment,good,no,no,yes,yes,D,7.1,0.5,5.9,2674.0,Nov,40,534041
HP100518,65.0,1,1.8,22,26,1978,Downtown,house,good,no,yes,no,yes,B,6.6,3.3,0.2,3068.0,Jun,48,625357
HP100980,71.4,1,1.1,18,23,2003,Market,apartment,new,no,yes,no,yes,B,5.8,4.5,4.2,2411.0,May,48,523173
HP100094,109.4,3,2.4,11,18,1991,Old Town,apartment,excellent,yes,yes,yes,yes,C,6.1,3.2,3.4,2242.0,Sep,47,597473
HP100879,94.2,2,1.6,7,12,1975,University,apartment,fair,no,yes,no,no,D,7.4,3.3,4.3,2831.0,Sep,32,512655
HP101046,96.6,2,1.2,2,12,1985,Suburb,apartment,excellent,no,no,yes,no,E,7.3,3.2,12.4,2537.0,Dec,69,534759
HP101111,115.5,2,1.1,24,31,1972,Business Bay,apartment,excellent,no,yes,no,yes,A,8.0,1.1,3.7,3619.0,Jul,24,718922
HP101543,86.8,2,2.3,18,32,2015,Suburb,apartment,poor,no,yes,yes,yes,C,7.1,1.3,8.9,3540.0,Apr,49,447837
HP100375,50.0,1,1.1,5,15,2004,Suburb,house,good,no,yes,no,no,B,7.5,0.5,12.2,2759.0,Jun,34,814461
HP101342,70.0,3,1.9,24,29,2010,University,studio,fair,no,yes,yes,yes,B,7.4,1.4,5.2,2519.0,Apr,67,512759
HP101084,113.5,4,3.4,21,24,1983,Market,house,good,no,yes,yes,no,B,6.8,2.6,3.7,2318.0,May,62,734108
HP100026,80.8,2,1.4,16,30,1971,Business Bay,house,excellent,no,yes,no,no,C,8.3,1.2,3.6,4240.0,Jul,66,689631
HP101271,86.0,2,2.8,19,33,1991,Old Town,studio,excellent,yes,yes,no,no,B,6.3,3.7,2.5,2824.0,May,26,581927
HP100861,81.4,2,1.5,16,18,2021,Riverside,apartment,fair,no,yes,yes,no,C,8.8,1.1,5.1,3874.0,Mar,80,595692
HP101758,66.6,3,2.5,10,21,2008,Green Hills,house,new,no,yes,yes,yes,B,7.7,1.8,6.0,,Feb,60,769862
HPDUP002,66.2,0,1.0,23,25,2023,Old Town,apartment,excellent,yes,no,yes,yes,C,6.2,4.4,5.4,2450.0,Dec,47,422955
HP101142,67.6,1,1.4,2,3,1981,Green Hills,townhouse,good,no,yes,yes,yes,E,10.0,0.6,6.4,3720.0,Aug,16,572109
HP101726,115.5,1,1.0,10,20,1992,Old Town,apartment,,no,yes,no,no,C,5.5,5.1,2.0,2438.0,Oct,82,573562
HP101515,117.0,3,3.4,6,20,2016,Suburb,apartment,fair,yes,yes,no,yes,D,7.7,3.4,12.2,2494.0,May,80,627468
HP100345,112.3,3,2.5,3,15,1991,Airport,studio,good,yes,yes,no,yes,C,5.3,5.1,11.5,2512.0,Feb,95,485791
HP101692,73.7,1,1.5,15,22,2018,Suburb,townhouse,,yes,yes,yes,yes,B,7.6,2.5,12.2,2310.0,Jun,70,536473
HP101688,45.7,0,1.3,17,30,1977,University,apartment,excellent,no,no,yes,yes,E,6.1,2.7,5.8,,Oct,35,296177
HP100232,65.0,2,2.2,20,33,1969,Market,apartment,good,no,yes,yes,yes,B,5.5,3.7,3.5,2069.0,Mar,50,389558
HP101691,58.5,0,1.0,25,37,1985,Green Hills,apartment,good,no,no,no,yes,D,9.8,1.0,8.6,4309.0,Jun,60,529341
HP100465,77.7,1,1.8,2,15,1981,Riverside,apartment,fair,no,yes,yes,yes,A,7.3,2.7,6.5,3088.0,Nov,38,580645
HP100566,88.2,2,1.8,17,17,1980,Airport,apartment,poor,no,yes,yes,yes,C,5.2,3.2,13.1,2238.0,Dec,51,337197
HP101233,44.1,0,1.0,17,31,2016,Riverside,apartment,good,yes,yes,no,yes,A,9.1,1.3,7.1,3092.0,Feb,46,577064
HP100695,96.0,3,2.0,10,20,1968,University,house,new,no,yes,yes,yes,A,7.9,2.6,3.1,2177.0,Jul,34,805123
HP100786,65.1,1,1.9,22,36,2004,Airport,apartment,excellent,no,yes,yes,yes,C,4.7,6.3,10.9,2111.0,Nov,77,325796
HP101277,82.6,3,1.9,14,23,1991,Downtown,house,good,no,yes,no,yes,,6.6,2.1,1.2,3644.0,Sep,57,629297
HP101796,103.2,3,1.8,1,10,2008,University,townhouse,new,yes,yes,no,yes,C,6.3,2.2,3.9,1950.0,May,48,775018
HP101339,135.7,4,3.4,1,8,1988,Old Town,apartment,fair,no,yes,yes,no,C,5.3,5.7,3.2,1638.0,Mar,55,1091986
HP100288,124.4,3,4.2,19,33,1989,University,house,good,no,yes,yes,yes,A,6.5,4.6,8.2,2640.0,Dec,25,729591
HP100309,77.7,3,1.7,25,34,2006,Suburb,apartment,good,no,yes,no,yes,B,7.1,3.9,8.8,2897.0,Sep,58,450267
HP101292,69.0,2,2.5,10,11,1976,University,townhouse,,no,yes,yes,yes,C,6.8,3.8,5.2,2133.0,Dec,56,454726
HP101193,105.6,3,2.6,10,18,1965,Market,house,excellent,yes,yes,yes,yes,C,5.6,4.2,4.0,1484.0,Mar,49,640276
HP100364,71.1,1,1.8,24,24,1968,Industrial,townhouse,fair,yes,no,yes,no,B,5.5,5.5,13.5,1767.0,Jun,90,339593
HP101065,116.1,2,1.0,10,22,1965,Market,apartment,good,no,yes,yes,yes,C,6.4,3.0,4.5,2166.0,Jan,65,502401
HP100283,84.0,2,1.9,23,36,1990,Suburb,apartment,good,no,no,yes,yes,C,7.5,0.7,9.7,2587.0,Jul,111,507899
HP101081,97.1,1,,25,37,1986,Green Hills,apartment,good,no,yes,no,no,D,,0.5,8.7,5144.0,Jul,22,575194
HP100605,113.1,4,3.3,21,34,2010,Airport,apartment,fair,no,yes,yes,yes,E,6.4,2.7,11.6,2538.0,Aug,58,514228
HP100995,80.3,3,3.0,20,33,1969,Business Bay,house,fair,no,yes,yes,yes,B,7.3,2.7,3.5,3877.0,Mar,67,657246
HP100876,56.9,0,2.2,25,32,2006,Business Bay,house,excellent,no,yes,yes,yes,C,8.7,0.7,2.5,3393.0,Oct,56,696066
HP100078,74.2,2,1.5,24,25,1996,University,house,excellent,no,yes,yes,yes,E,6.9,3.6,3.9,2102.0,Jul,45,557028
HP101616,86.1,2,2.1,3,4,2019,Downtown,house,excellent,no,yes,yes,no,A,6.6,3.7,1.0,3417.0,Oct,37,691826
HP100501,123.7,3,3.0,5,12,2007,Green Hills,townhouse,fair,no,yes,no,yes,B,8.8,1.7,8.2,4229.0,Feb,33,816219
HP101461,106.0,2,1.9,16,23,2004,University,house,good,yes,yes,no,yes,B,7.2,2.0,2.6,2284.0,Mar,50,654479
HP101708,125.7,3,3.0,18,21,1967,Green Hills,house,good,yes,no,no,yes,D,9.5,1.9,7.4,3472.0,Mar,13,686173
HP100985,129.4,3,2.5,19,33,2022,Market,house,poor,no,yes,yes,no,D,6.8,3.3,3.0,2969.0,Jan,61,556442
HP100527,49.5,2,1.4,16,20,1989,Market,apartment,fair,no,yes,yes,yes,D,6.2,3.7,5.8,1954.0,Oct,60,353148
HP100221,154.0,2,,18,28,1992,University,apartment,good,no,yes,no,yes,D,,4.2,5.3,2610.0,Aug,74,612428
HP101310,72.1,2,1.9,10,17,2025,Business Bay,apartment,fair,yes,no,yes,yes,B,9.6,1.0,2.3,4367.0,Jun,46,634057
HP101511,80.3,0,1.0,17,20,2017,Suburb,studio,excellent,no,no,yes,yes,B,7.4,3.0,10.7,2401.0,Dec,58,375994
HP100588,74.9,3,2.6,12,23,1987,Suburb,townhouse,new,no,yes,yes,yes,D,6.8,2.5,10.2,2814.0,May,39,695378
HP101132,91.3,2,2.7,17,31,2024,Downtown,house,excellent,no,yes,no,no,D,7.4,4.7,2.0,3987.0,Jul,76,778250
HP100499,82.0,2,1.5,25,36,1990,University,house,good,no,no,yes,yes,B,7.8,1.5,5.9,2506.0,Sep,57,539591
HP100988,65.6,2,1.9,19,28,2021,Old Town,studio,good,yes,yes,yes,no,D,5.5,2.8,2.7,2016.0,Feb,44,384037
HP101716,69.7,2,1.2,19,32,1986,Old Town,house,good,yes,yes,yes,yes,E,5.7,3.5,1.5,2005.0,Jul,52,519688
HP100281,57.3,1,1.8,22,34,1991,Suburb,apartment,good,no,yes,no,yes,B,6.8,0.7,12.1,2451.0,Oct,43,387804
HP100494,98.2,4,3.2,14,20,2019,Airport,apartment,good,no,yes,no,yes,B,6.6,4.4,12.3,1804.0,Mar,86,623709
HP100435,211.8,5,4.3,16,20,1973,Suburb,townhouse,good,no,yes,yes,yes,D,6.9,4.1,11.0,2840.0,Sep,51,888265
HP100797,94.0,2,1.0,15,22,1985,Suburb,apartment,new,yes,yes,yes,no,E,6.5,2.6,10.9,2734.0,Feb,43,613161
HP100798,84.7,2,1.2,3,9,1970,Riverside,studio,good,no,yes,no,yes,B,7.6,1.7,7.0,3641.0,Feb,69,491206
HP100037,44.8,0,1.0,18,25,2023,Business Bay,apartment,good,no,yes,yes,yes,A,6.9,2.3,3.1,4092.0,Mar,53,524649
HP100706,260.0,6,4.5,24,30,2011,Airport,studio,good,yes,yes,no,yes,C,5.2,5.0,13.3,1913.0,Dec,70,827973
HP101205,60.7,2,1.8,24,33,2001,Downtown,townhouse,fair,no,yes,no,no,B,7.5,2.8,2.5,3705.0,Dec,44,654709
HP101473,117.3,2,1.0,24,36,1988,University,house,good,no,yes,no,no,B,6.8,3.9,5.8,1783.0,Jun,69,582062
HP100488,147.4,3,,25,28,1985,University,apartment,good,yes,yes,yes,no,E,6.2,3.6,3.2,2235.0,Jul,64,750428
HP101427,64.2,3,3.1,15,29,2009,Downtown,apartment,excellent,no,yes,yes,no,E,8.3,3.2,1.2,3225.0,Apr,47,666926
HP101034,125.0,3,2.8,23,33,1990,Business Bay,house,excellent,no,no,yes,no,D,8.2,1.0,0.9,4106.0,Jun,26,855742
HP100646,104.9,4,2.9,6,12,2000,Downtown,apartment,poor,no,yes,yes,yes,D,8.3,2.8,2.0,2899.0,Aug,26,662469
HP100105,67.5,1,1.2,1,11,2000,Riverside,apartment,fair,no,yes,no,no,B,6.9,4.1,6.0,2752.0,Mar,92,378722
HP101196,130.5,3,3.1,23,25,1966,Suburb,house,fair,no,yes,no,no,A,6.7,3.0,10.2,2945.0,Jun,80,651409
HP100733,149.4,3,2.9,15,23,1998,Old Town,apartment,good,yes,yes,no,yes,B,5.2,3.5,2.3,2289.0,Nov,65,616153
HP101459,67.6,2,2.2,17,29,1985,Old Town,apartment,excellent,yes,yes,no,no,B,5.0,3.2,1.3,2210.0,Dec,56,497889
HP100125,161.2,3,2.0,17,24,2019,University,apartment,fair,no,yes,yes,no,B,6.4,2.5,4.0,2532.0,Jul,50,672866
HP101290,181.5,4,3.3,3,16,2008,Business Bay,townhouse,new,yes,yes,no,no,C,9.1,1.0,3.0,4342.0,Mar,41,1100878
HP100975,60.7,3,4.5,2,15,2022,Industrial,apartment,fair,no,yes,yes,no,C,4.8,3.2,15.5,1325.0,Dec,78,309593
HP100384,109.3,2,2.5,4,4,2023,Old Town,house,poor,no,no,yes,yes,A,5.8,2.6,2.0,1784.0,Dec,36,515538
HP100161,108.0,3,2.4,11,25,2004,Green Hills,apartment,new,yes,yes,no,yes,D,9.6,1.2,6.6,4217.0,Jun,34,865503
HP101105,84.3,3,2.2,11,12,2016,Airport,house,good,yes,yes,no,no,D,5.5,3.9,13.0,1405.0,Sep,61,434744
HP101318,46.4,1,1.4,11,14,2002,Riverside,apartment,poor,no,yes,no,yes,A,8.6,3.3,6.3,3599.0,Oct,45,446607
HP100489,76.2,2,2.3,3,15,2008,University,apartment,excellent,no,yes,yes,yes,D,7.6,2.8,5.7,2407.0,Apr,52,556051
HP101010,78.3,2,2.7,18,30,1994,Industrial,apartment,good,no,no,yes,no,C,5.3,5.2,16.4,1247.0,Oct,35,254664
HP100477,65.9,2,1.6,7,13,2000,Industrial,apartment,excellent,no,no,no,yes,B,4.5,6.4,15.7,1982.0,Dec,72,228541
HP101005,96.6,2,2.5,17,24,2019,Business Bay,apartment,poor,no,no,no,no,E,8.4,0.5,3.8,4275.0,Jul,42,503631
HP100441,124.4,3,3.5,21,26,1967,Suburb,apartment,poor,no,yes,no,no,A,6.6,5.7,11.2,2958.0,Jun,50,496280
HP100631,182.7,4,3.6,18,18,1995,Green Hills,house,excellent,no,yes,yes,no,D,9.3,2.4,4.9,4294.0,Feb,15,1047279
HP101088,81.9,2,2.7,6,13,2006,University,apartment,,yes,yes,yes,yes,A,7.3,2.5,4.0,2670.0,Oct,82,713868
HP101684,94.2,1,1.7,5,16,2002,Downtown,house,good,no,yes,yes,no,E,8.1,0.5,2.3,3606.0,Mar,63,547624
HP100639,69.2,2,1.7,14,22,1979,Green Hills,townhouse,good,,yes,no,no,C,9.7,0.5,6.3,3808.0,Jan,31,668211
HP101350,60.8,1,1.0,5,9,2020,Airport,apartment,good,no,yes,no,yes,B,3.7,6.3,12.7,2282.0,Dec,50,243422
HP100723,109.2,3,2.4,24,26,1991,Market,house,good,yes,yes,yes,yes,C,5.6,4.1,3.5,3056.0,Oct,50,702969
HP101527,43.1,1,1.0,15,29,1977,Business Bay,townhouse,excellent,no,yes,yes,no,B,7.3,1.5,2.5,3914.0,Nov,26,534673
HP100493,133.4,2,1.9,25,30,2023,Old Town,apartment,good,no,yes,yes,no,E,5.1,4.0,2.7,2608.0,Aug,68,548905
HP101049,89.6,2,2.5,21,24,2023,Suburb,apartment,excellent,no,no,yes,no,C,6.5,5.0,8.6,3278.0,Jun,67,582717
HP100118,80.2,1,1.5,13,21,1985,Business Bay,house,good,no,yes,no,yes,C,8.2,0.5,2.0,4684.0,May,54,707227
HP101368,101.3,2,2.0,11,23,1982,Suburb,apartment,good,no,yes,no,no,B,9.0,0.5,10.1,3172.0,Oct,48,558663
HP101080,74.7,3,2.6,24,34,2011,Suburb,apartment,excellent,no,yes,no,yes,B,7.2,1.8,8.9,2721.0,Apr,85,547538
HP101748,58.9,3,3.8,6,14,2018,Business Bay,apartment,excellent,no,yes,no,no,B,8.1,1.1,1.0,4162.0,Dec,28,725722
HP100889,138.7,2,1.0,17,25,1991,Riverside,house,good,no,yes,yes,yes,B,8.6,0.5,4.8,3313.0,Mar,44,830682
HP101621,102.0,2,2.8,7,17,2014,University,apartment,excellent,no,yes,yes,yes,C,7.4,3.1,4.9,2487.0,Feb,59,643826
HP100414,57.3,0,1.0,10,23,1986,Downtown,studio,fair,no,yes,yes,yes,C,7.5,2.0,2.8,3930.0,Oct,37,429697
HP101759,42.5,0,1.0,10,20,2002,Market,house,good,yes,yes,yes,no,B,6.3,2.4,3.7,2096.0,Jul,56,466651
HP100770,65.3,2,1.5,4,6,2022,Suburb,apartment,good,yes,no,yes,yes,C,7.3,2.1,10.3,3003.0,Apr,27,525891
HP100804,65.2,3,2.5,3,16,2020,Suburb,apartment,excellent,no,no,no,yes,A,7.9,1.2,9.8,3146.0,Apr,36,510637
HP100948,124.6,3,2.7,19,29,2025,Green Hills,house,poor,yes,yes,yes,yes,D,8.7,0.5,6.5,4031.0,Nov,35,792169
HP101492,62.8,2,1.7,7,20,1989,Industrial,house,,no,yes,no,no,D,3.8,3.6,14.3,1879.0,Oct,48,247160
HP100572,72.4,2,2.1,16,24,1987,University,apartment,good,no,yes,yes,yes,B,7.3,3.6,4.5,2191.0,Feb,63,541667
HP101311,78.0,2,2.0,17,29,1985,Market,apartment,good,no,no,no,no,D,5.1,4.6,3.5,1378.0,Aug,50,394891
HP101287,124.0,3,2.9,10,12,2015,Old Town,apartment,fair,yes,yes,no,no,B,5.6,5.1,5.3,2583.0,Jul,74,568366
HP100672,64.9,2,1.7,5,16,1968,Market,house,fair,no,no,no,yes,E,6.1,4.9,1.7,2301.0,Sep,52,188065
HP100399,78.0,2,1.8,14,25,1986,Business Bay,house,poor,no,yes,no,yes,B,7.3,3.7,3.0,4137.0,Jun,32,584882
HP100551,83.2,3,2.1,14,23,2005,Suburb,townhouse,excellent,no,yes,yes,yes,E,7.1,2.9,10.5,2813.0,Apr,62,669013
HP100320,106.7,3,3.2,2,16,1995,Green Hills,apartment,excellent,yes,yes,yes,yes,C,9.3,1.0,6.8,3863.0,Jul,43,827148
HP100469,67.6,3,,12,26,2008,University,townhouse,new,no,yes,yes,yes,D,6.0,4.2,4.2,2585.0,Sep,46,603860
HP101710,87.2,3,2.7,9,22,2023,Airport,studio,excellent,yes,yes,yes,yes,C,5.5,4.1,14.0,1690.0,Feb,80,455579
HP101116,60.9,1,1.4,23,26,2012,Suburb,apartment,excellent,no,no,no,yes,B,8.3,2.6,12.3,2751.0,Sep,51,393267
HP101089,92.0,3,2.3,25,32,1985,Business Bay,apartment,good,no,yes,yes,yes,B,7.3,2.1,0.2,3913.0,Feb,48,694151
HP101113,57.8,1,1.3,8,15,2007,Market,house,excellent,no,no,yes,yes,D,6.2,4.0,4.4,1740.0,Jun,49,515756
HP100079,220.8,6,4.5,16,21,1996,Airport,house,good,yes,no,no,no,C,4.9,3.4,13.4,1632.0,Mar,104,874499
HP100533,87.6,2,1.0,6,11,2001,Industrial,apartment,poor,no,yes,yes,yes,B,4.3,4.2,13.8,1605.0,Jun,41,341657
HP100457,163.4,5,,8,12,1967,Business Bay,townhouse,good,no,yes,yes,no,A,8.2,0.5,2.2,4855.0,Feb,52,997790
HP100290,62.4,1,1.0,24,36,1972,Green Hills,apartment,excellent,no,no,yes,yes,B,8.7,3.7,5.9,3516.0,Nov,57,564159
HP101330,120.7,2,2.7,8,8,1984,Airport,apartment,good,no,yes,no,yes,C,4.5,7.2,13.3,1845.0,Jun,90,412263
HP100370,59.0,3,2.8,3,15,2006,Airport,apartment,good,no,yes,yes,no,D,4.9,5.6,12.7,1673.0,Oct,52,291515
HP100265,42.4,1,1.0,11,22,1969,Suburb,studio,good,no,yes,no,yes,C,7.0,0.5,8.9,3207.0,May,41,331221
HP101548,76.5,2,2.3,9,21,2003,Old Town,townhouse,excellent,no,yes,yes,no,B,5.6,5.2,3.1,2092.0,Jul,18,493504
HP100164,67.3,2,1.3,6,10,1967,University,townhouse,good,no,yes,yes,no,D,6.8,2.9,4.7,2726.0,Jul,20,450381
HP101198,68.6,0,1.0,2,12,2016,Suburb,studio,fair,no,yes,no,yes,C,7.2,3.6,10.3,2482.0,Apr,46,325123
HP100473,60.6,3,3.7,13,16,2021,Suburb,townhouse,fair,yes,yes,no,yes,B,6.9,3.8,12.4,2528.0,Mar,54,478250
HP100875,139.3,4,2.8,17,20,2003,Green Hills,house,excellent,no,yes,no,yes,A,9.0,1.0,7.9,3725.0,Jan,22,998173
HP100197,88.3,2,2.0,21,25,2008,Green Hills,apartment,good,yes,yes,yes,yes,B,8.5,1.6,3.5,4279.0,Feb,51,699337
HP100185,61.0,0,1.0,5,9,2006,Industrial,studio,excellent,no,yes,no,no,C,6.2,4.6,14.9,897.0,Feb,68,209199
HP101207,74.8,2,2.3,8,10,2000,University,apartment,poor,no,yes,yes,yes,C,5.8,4.0,3.7,2105.0,Oct,67,450873
HP100421,102.4,3,2.7,14,16,2020,Downtown,apartment,good,no,no,no,yes,D,5.7,3.4,0.2,4352.0,Sep,58,610229
HP100256,100.5,1,1.0,5,6,2020,Airport,studio,excellent,no,no,yes,no,B,5.0,4.4,13.0,1760.0,Mar,85,392858
HP100135,94.4,2,1.6,13,26,2016,Downtown,apartment,,yes,yes,yes,yes,D,6.4,4.4,0.2,3785.0,May,64,801466
HP101276,113.1,3,2.4,2,16,2007,Suburb,apartment,excellent,no,yes,no,no,D,6.4,,9.0,3000.0,Mar,36,672365
HP101620,100.2,2,2.4,1,2,1971,Suburb,townhouse,fair,no,no,no,no,D,6.1,2.6,10.2,2497.0,Dec,55,473111
HP101337,43.8,0,1.0,16,17,1981,Industrial,apartment,good,no,no,yes,yes,C,5.3,4.8,12.2,1764.0,Feb,73,191812
HP101336,185.7,4,2.6,6,15,2019,Suburb,townhouse,fair,no,yes,yes,no,D,7.3,0.8,11.4,2374.0,Feb,69,698508
HP100866,102.6,1,1.3,16,29,2018,Green Hills,studio,good,no,yes,yes,no,E,8.6,1.3,7.9,3584.0,May,60,493219
HP101327,55.5,0,1.0,6,19,1990,University,apartment,excellent,no,yes,yes,yes,C,5.9,6.3,5.3,2869.0,May,57,442808
HP101626,71.2,1,1.0,16,19,1969,Old Town,apartment,good,yes,yes,no,yes,C,6.1,4.1,3.1,2159.0,Jun,93,383362
HP101037,98.1,2,2.6,13,25,1966,Business Bay,apartment,good,yes,yes,yes,no,A,7.8,2.9,3.5,4553.0,Jun,50,1577692
HP101763,181.4,5,3.4,5,17,1977,Downtown,apartment,poor,no,yes,no,yes,B,6.9,3.3,1.9,4176.0,Nov,53,826022
HP100049,161.9,5,4.3,9,9,2022,Suburb,townhouse,excellent,no,yes,yes,no,B,6.6,4.2,12.6,2941.0,Jun,63,873990
HP100526,84.6,2,1.1,9,11,1965,Market,apartment,good,yes,yes,yes,no,D,6.0,2.8,3.3,2432.0,Sep,51,396201
HP100452,67.7,2,2.7,18,31,2010,Riverside,apartment,good,no,yes,yes,no,B,8.1,3.5,6.2,2890.0,Oct,44,593110
HP101295,73.9,1,1.7,20,34,2014,Old Town,apartment,good,no,yes,no,no,C,6.4,3.3,2.2,2471.0,Dec,60,354829
HP100682,39.4,1,2.1,24,24,1978,Downtown,apartment,excellent,no,no,no,no,C,7.3,3.1,1.7,3677.0,Mar,70,490243
HP100462,113.6,4,4.0,15,21,1997,Market,apartment,good,yes,yes,no,yes,B,5.5,5.7,2.2,2269.0,Jun,70,624844
HP100935,78.0,2,2.4,13,26,2018,Suburb,house,good,no,no,no,yes,C,6.8,2.6,9.3,3199.0,Jan,49,419164
HP101408,50.0,2,2.8,5,13,1966,Green Hills,apartment,fair,yes,yes,yes,yes,B,9.0,0.8,7.1,4366.0,Jul,32,545651
HP100647,51.4,1,1.5,24,27,1993,University,apartment,good,no,yes,no,yes,C,6.9,5.5,5.0,2952.0,Nov,70,395339
HP101575,102.8,2,1.7,9,10,2016,Suburb,apartment,good,no,yes,yes,no,C,7.8,2.6,10.6,3075.0,Oct,42,552045
HP101057,101.1,3,2.5,21,34,1966,Suburb,apartment,new,no,no,no,yes,C,7.1,4.8,11.8,2492.0,Mar,69,509017
HP100859,37.1,1,1.2,10,17,1996,University,apartment,excellent,yes,yes,yes,no,B,6.8,4.5,5.2,2688.0,Sep,62,467814
HP100247,107.2,1,2.0,7,14,1973,Business Bay,house,good,no,yes,yes,yes,,7.6,0.5,1.7,3744.0,Aug,94,738354
HP100990,113.8,1,1.7,10,12,1997,Industrial,townhouse,excellent,no,yes,yes,no,D,4.5,5.3,15.3,2329.0,Jun,77,260214
HP101699,65.3,1,1.0,18,21,1965,Riverside,townhouse,excellent,yes,yes,yes,no,B,8.0,2.6,7.0,3544.0,Dec,28,552984
HP101364,69.7,2,,9,15,1987,Business Bay,house,new,yes,yes,no,yes,C,8.3,2.4,3.6,3761.0,Jan,48,741044
HP101715,46.9,2,1.8,16,29,2003,Airport,townhouse,fair,no,yes,yes,yes,D,5.4,3.8,11.9,1507.0,Mar,72,285365
HP100216,252.4,6,4.3,7,10,1980,Suburb,apartment,poor,no,yes,no,yes,C,8.0,2.0,9.5,3324.0,Sep,52,982925
HP101775,60.9,0,,24,37,1994,University,apartment,good,yes,yes,no,yes,B,7.6,1.5,5.1,2845.0,Dec,23,454152
HP100543,82.5,3,2.7,20,28,1975,Market,apartment,excellent,no,yes,no,yes,B,5.8,4.6,2.9,1962.0,Apr,56,528527
HP101345,107.4,5,3.9,11,23,1970,Industrial,house,excellent,no,no,yes,no,C,4.6,4.3,14.5,1494.0,Sep,45,490805
HP100438,86.5,1,1.7,1,15,1996,Riverside,apartment,fair,no,yes,no,yes,C,9.1,0.7,6.7,2566.0,Jan,66,509116
HP100860,48.2,1,2.3,8,14,1994,Riverside,townhouse,good,no,yes,no,no,D,8.7,0.5,4.0,3812.0,Jan,56,564029
HP100950,85.2,2,,6,19,2011,University,apartment,poor,yes,yes,yes,yes,A,5.8,2.1,2.3,2416.0,Jan,47,511649
HP100326,95.8,3,2.9,24,25,2005,Airport,apartment,good,no,yes,yes,yes,D,5.0,3.3,12.6,1750.0,Oct,69,436727
HP100226,44.7,2,1.8,1,14,1994,Downtown,townhouse,good,no,yes,yes,yes,B,7.6,2.5,0.2,4702.0,Oct,59,644298
HP101508,72.8,2,1.2,18,29,2022,Suburb,house,good,no,yes,yes,yes,,7.7,1.8,13.0,3300.0,Feb,29,517398
HP100553,36.9,2,3.2,12,20,1975,Green Hills,house,excellent,no,yes,yes,no,,9.0,0.5,9.1,4278.0,Aug,64,631479
HP100061,91.9,2,1.8,3,8,1998,Business Bay,studio,excellent,no,yes,yes,yes,B,9.8,0.5,2.1,4289.0,Jul,20,760529
HP101392,70.5,2,1.9,18,31,2022,Downtown,house,good,no,yes,no,yes,B,7.6,3.0,1.0,3467.0,Jan,67,765534
HP101333,86.4,1,2.5,2,5,2005,Market,apartment,poor,yes,no,yes,yes,B,5.4,4.6,3.0,1662.0,Jan,62,486252
HP101761,71.6,1,1.0,25,25,1996,Suburb,house,good,no,yes,no,yes,A,7.5,2.9,10.2,3338.0,Apr,45,536242
HP100155,104.6,2,2.3,1,10,2010,Riverside,studio,good,no,yes,yes,no,E,7.7,1.3,5.9,3481.0,Mar,21,599638
HP101462,131.4,2,2.9,9,19,2005,Suburb,apartment,new,no,yes,no,no,B,7.2,3.0,9.2,2783.0,Feb,53,653674
HP101288,71.8,2,2.0,15,25,1977,Business Bay,house,excellent,yes,yes,yes,yes,E,7.7,1.7,2.0,4224.0,Apr,67,753863
HP101238,168.7,3,2.1,7,20,2013,Suburb,apartment,poor,yes,yes,no,yes,D,5.6,3.8,9.6,2536.0,Jul,61,587946
HP101489,46.8,1,1.0,21,25,2003,Business Bay,apartment,good,yes,yes,yes,no,A,8.2,3.2,3.1,4449.0,Nov,73,574017
HP101158,95.1,1,1.9,11,18,1983,Business Bay,apartment,excellent,no,yes,no,yes,C,7.2,2.9,4.2,4026.0,Apr,60,617214
HP101487,100.8,3,2.5,2,2,1991,Business Bay,apartment,fair,yes,no,no,yes,A,7.3,2.6,2.0,4489.0,Dec,34,744807
HP100348,44.6,2,2.0,22,35,1998,Industrial,townhouse,good,no,no,yes,no,C,4.1,5.2,13.4,1465.0,Sep,94,217304
HP101638,110.1,2,2.4,19,29,2025,Suburb,apartment,fair,yes,yes,no,no,C,8.0,0.5,11.4,2895.0,Dec,57,479012
HP100166,90.2,2,2.6,1,6,2002,Green Hills,house,good,no,yes,no,no,C,8.6,1.0,9.0,4512.0,Oct,10,684089
HP101383,72.3,2,2.4,10,10,1982,Market,apartment,excellent,yes,no,yes,yes,E,5.2,6.0,2.1,1529.0,Jan,66,317717
HP101709,99.2,4,2.5,1,13,1997,Suburb,apartment,excellent,no,yes,no,no,B,7.3,2.3,11.9,2118.0,Feb,43,581943
HP100204,87.1,3,1.0,7,11,1972,Downtown,apartment,good,yes,yes,no,no,D,8.2,0.8,0.2,4191.0,Jun,52,679193
HP100906,49.9,1,1.7,6,8,1984,University,studio,excellent,no,yes,yes,yes,D,7.3,2.6,4.9,2763.0,May,84,403883
HP100913,48.5,1,1.3,21,30,1997,Market,apartment,excellent,no,yes,no,yes,E,6.5,3.5,5.2,1673.0,Sep,63,377488
HP101637,143.3,4,2.8,1,14,2020,Market,apartment,excellent,yes,no,no,yes,E,6.7,2.5,5.6,2069.0,Feb,97,656181
HP100186,64.6,1,1.0,4,4,2000,Old Town,apartment,fair,no,yes,yes,yes,C,6.7,,3.7,2525.0,May,41,356257
HP100777,139.3,3,2.2,24,38,1978,Suburb,townhouse,fair,no,yes,yes,yes,B,6.8,2.9,10.5,3448.0,Nov,50,612477
HP101766,58.7,1,1.0,12,15,1997,Market,townhouse,fair,no,yes,no,no,E,6.1,3.7,4.4,1383.0,Jul,55,279521
HP101526,98.8,3,2.2,4,4,2006,Old Town,apartment,excellent,yes,yes,yes,no,D,5.6,2.5,1.7,1399.0,Nov,67,1053627
HP101033,62.7,2,2.3,3,14,1968,Green Hills,townhouse,good,no,yes,no,no,E,8.9,0.5,6.7,4400.0,Sep,14,586177
HP100010,99.1,4,3.0,1,14,2002,Old Town,apartment,new,,yes,yes,yes,C,5.0,4.6,1.1,1813.0,Jan,70,598683
HP101789,169.9,4,3.3,8,17,1984,Downtown,apartment,fair,no,yes,no,yes,E,8.2,0.5,0.6,3495.0,May,34,802879
HP100555,80.7,4,3.9,18,31,1972,Suburb,townhouse,excellent,no,yes,yes,yes,B,7.1,3.2,11.2,2374.0,Apr,73,657223
HP100289,31.6,0,1.0,19,23,1972,Downtown,house,,yes,yes,yes,yes,D,7.3,2.0,3.0,4056.0,Oct,87,509234
HP100427,111.8,3,2.2,2,6,1984,Green Hills,apartment,poor,no,yes,yes,yes,C,9.2,2.5,8.3,4134.0,Oct,24,661460
HP101206,84.0,3,1.4,18,27,1997,Industrial,house,fair,yes,yes,no,yes,A,4.6,8.2,16.1,1788.0,Jan,76,622133
HP100121,142.3,3,2.6,16,28,2025,Industrial,apartment,good,yes,yes,yes,yes,,4.6,5.6,14.5,1299.0,Nov,57,508797
HP100656,88.1,2,1.8,2,10,2013,Green Hills,house,excellent,no,no,yes,yes,D,8.0,2.8,7.7,4689.0,Oct,11,717327
HP100151,56.4,3,2.9,12,26,2018,Green Hills,apartment,good,yes,yes,no,yes,B,8.6,1.5,7.0,3571.0,Aug,2,700136
HP101718,67.5,1,1.0,16,17,1966,Industrial,house,excellent,no,no,no,no,C,4.1,5.6,15.5,2139.0,Jan,65,223680
HP101136,100.7,2,1.6,9,9,2016,Business Bay,apartment,excellent,yes,yes,no,yes,B,7.5,0.8,0.4,3726.0,Jun,57,790736
HP101324,91.9,3,,17,21,2014,Old Town,apartment,excellent,no,yes,yes,no,A,5.9,4.5,3.0,1832.0,Jan,49,977949
HP100130,147.1,2,1.1,24,26,2001,Suburb,house,fair,no,yes,no,yes,D,6.9,3.0,10.8,2859.0,Sep,46,618436
HP100850,101.5,3,2.4,5,9,2013,Suburb,studio,good,no,no,no,yes,B,7.4,3.1,9.0,2440.0,Apr,82,545608
HP100133,87.3,2,1.6,7,16,1976,Old Town,townhouse,good,no,yes,yes,yes,D,5.3,6.4,2.2,2044.0,Jul,73,457291
HP100000,101.5,3,2.7,9,11,2003,Airport,house,fair,no,yes,yes,no,C,4.4,5.4,13.6,2106.0,Nov,50,452722
HP101308,114.2,2,1.9,19,25,2023,Downtown,apartment,new,yes,no,no,yes,C,7.5,3.8,0.2,3179.0,Jun,41,780891
HP101445,108.6,2,2.6,1,3,2015,University,house,excellent,yes,yes,yes,yes,B,7.4,2.6,5.3,2264.0,Jan,72,799949
HP101389,137.2,3,2.6,23,27,1986,Downtown,apartment,new,no,no,no,no,D,7.5,1.5,0.4,2943.0,Jan,57,802606
HP100699,144.7,3,1.0,14,22,1973,Old Town,house,excellent,no,no,no,yes,E,6.2,5.4,2.1,2258.0,Jul,65,667695
HP101194,100.7,2,,8,22,1996,Green Hills,house,good,no,yes,no,yes,C,8.3,0.5,6.5,4131.0,Mar,41,694986
HP101095,182.5,4,3.1,11,23,1968,Business Bay,apartment,fair,no,yes,no,no,B,7.2,3.6,1.7,4174.0,Aug,93,866007
HP101556,177.2,4,4.1,1,8,2009,Market,house,poor,no,yes,yes,no,D,4.7,4.9,3.6,1680.0,Sep,62,792022
HP100322,75.9,2,1.5,25,30,1996,Old Town,apartment,,no,yes,no,yes,D,4.9,5.9,3.6,1965.0,Apr,72,380472
HP100001,83.7,3,1.9,16,18,2021,Business Bay,house,good,no,yes,yes,yes,C,7.5,3.7,3.1,4711.0,Sep,78,659160
HP101224,77.3,1,1.9,7,20,2004,Suburb,apartment,excellent,no,yes,no,yes,C,7.4,3.6,11.3,2815.0,Dec,61,405428
HP100956,168.8,4,2.4,15,22,2021,Airport,townhouse,good,no,yes,yes,no,C,5.2,2.9,12.7,2224.0,Oct,50,607826
HP101664,66.4,3,2.5,4,6,1977,Green Hills,townhouse,excellent,yes,no,yes,yes,A,9.1,0.5,5.6,4048.0,Oct,62,829792
HP100183,53.7,1,1.3,20,26,1973,Old Town,apartment,new,yes,yes,no,yes,D,5.9,3.6,3.6,2778.0,Oct,47,427083
HP101230,114.0,3,1.6,4,17,1985,Suburb,townhouse,good,yes,yes,yes,no,C,6.8,4.0,10.1,2796.0,Aug,61,661505
HP100306,83.6,3,2.9,14,22,1976,Old Town,house,excellent,no,yes,yes,yes,C,,5.2,2.5,1912.0,Sep,84,580703
HP100729,84.8,2,2.5,24,38,1987,University,house,fair,yes,yes,yes,yes,C,7.2,2.3,5.6,2140.0,Oct,78,618256
HP101009,54.5,3,1.6,25,25,1967,Business Bay,apartment,new,no,yes,yes,yes,B,7.9,1.1,5.7,4012.0,Sep,21,616960
HP100549,100.3,1,1.9,17,25,1972,Business Bay,apartment,fair,no,yes,no,no,A,7.5,2.5,1.8,3831.0,May,67,655967
HP100969,67.1,1,1.2,18,29,1969,Suburb,studio,excellent,yes,yes,yes,no,C,7.1,4.7,11.4,3139.0,Jul,49,359225
HP101060,60.9,0,1.0,12,20,2000,Market,apartment,fair,no,no,yes,no,B,6.2,6.2,2.2,1798.0,Nov,39,351734
HP100110,87.1,2,1.1,16,25,1985,Business Bay,apartment,new,no,yes,no,no,A,8.5,2.1,2.4,5014.0,Dec,25,765190
HP101776,97.4,3,1.8,23,24,2022,Riverside,townhouse,fair,no,yes,no,no,D,7.8,1.1,7.4,3386.0,Nov,37,550476
HP100888,83.0,2,2.0,1,6,2009,Suburb,apartment,good,no,yes,no,yes,A,8.6,0.5,9.4,2168.0,May,62,559739
HP101406,91.9,2,1.9,7,14,2001,Market,apartment,good,yes,no,no,yes,C,7.0,2.3,3.6,2181.0,Dec,82,531642
HP100915,45.6,2,2.1,21,24,1985,Market,apartment,fair,no,yes,yes,yes,,6.8,3.3,4.0,2749.0,Jun,32,330779
HP101597,115.8,4,3.3,25,34,1968,Suburb,apartment,good,no,yes,yes,no,C,8.1,2.0,9.4,2607.0,May,55,629859
HP100926,84.4,2,2.4,19,33,2011,Suburb,townhouse,fair,no,no,no,yes,C,7.7,3.1,10.7,3482.0,Jul,50,507014
HP100745,131.0,2,1.3,6,18,2004,University,apartment,good,no,yes,yes,no,,7.5,2.7,6.5,2205.0,Feb,46,588873
HP100775,47.1,0,1.0,5,9,1971,Green Hills,house,new,no,yes,no,no,A,8.5,3.1,8.0,3154.0,Apr,38,543457
HP101215,76.6,2,3.2,2,11,1971,University,house,fair,no,yes,yes,yes,,6.6,2.7,3.8,2165.0,Mar,71,514416
HP101420,94.4,4,3.4,11,24,1988,Riverside,apartment,fair,no,yes,yes,yes,A,7.4,3.7,7.4,2394.0,Jun,39,632241
HP100577,54.6,2,2.3,15,27,1970,University,house,new,no,yes,yes,yes,D,6.9,2.4,3.9,2407.0,Jan,48,586141
HP101187,94.8,3,2.7,19,26,1989,Market,house,fair,yes,yes,no,yes,C,5.4,4.0,4.8,2326.0,Jun,68,515337
HP100263,41.8,2,1.7,10,14,2022,Suburb,apartment,good,no,yes,yes,no,C,5.5,4.2,9.6,2253.0,Nov,75,324387
HP100302,154.9,4,3.0,11,18,1966,University,townhouse,excellent,no,no,no,yes,C,7.5,4.2,3.9,2902.0,Oct,67,702702
HP100927,58.1,2,1.0,19,22,1985,Green Hills,apartment,new,no,yes,no,no,C,8.6,2.5,4.8,4079.0,Oct,66,608793
HP101199,159.5,3,2.8,7,10,1969,Riverside,apartment,good,no,yes,no,yes,C,8.2,0.5,6.7,2806.0,Jun,66,745308
HP101585,157.6,5,3.1,23,28,2024,Market,house,excellent,no,no,yes,no,B,6.7,4.1,5.2,2279.0,Jul,24,827633
HP100149,46.9,2,2.2,25,36,1967,Downtown,studio,fair,no,no,no,yes,C,8.6,1.0,0.6,3259.0,Jul,13,447977
HP101634,158.9,5,2.8,11,11,2015,Market,apartment,good,no,yes,yes,no,D,5.4,4.5,3.2,3060.0,May,44,715857
HP100071,92.5,2,2.3,17,29,2023,Business Bay,apartment,good,yes,yes,yes,no,B,7.8,3.5,1.1,3893.0,May,44,883395
HPDUP014,50.7,1,1.5,18,19,2005,Suburb,townhouse,good,no,yes,yes,no,D,7.0,2.1,10.4,3109.0,Jun,32,411634
HP100455,93.1,3,2.9,18,28,1977,Suburb,house,new,no,yes,no,no,B,7.0,3.7,9.6,3611.0,Mar,72,665165
HP100089,116.3,4,2.7,17,30,2019,University,apartment,excellent,no,yes,no,no,C,7.6,2.5,4.8,3241.0,Nov,59,744324
HP100117,81.6,3,2.1,25,37,1978,Riverside,house,fair,no,yes,no,no,E,9.0,2.4,7.7,3878.0,Feb,38,536831
HP100321,81.3,3,,15,20,2001,University,apartment,fair,no,yes,no,yes,C,5.7,4.5,4.7,2675.0,Jun,46,446467
HP101593,107.9,4,2.9,2,8,1983,Business Bay,apartment,good,yes,yes,yes,yes,,8.5,3.1,2.8,4391.0,Apr,41,885369
HP101434,131.6,4,3.3,13,25,1973,Suburb,apartment,fair,no,no,yes,no,D,5.8,3.9,12.1,3036.0,Sep,32,501870
HP100459,95.8,3,2.4,25,38,2020,Industrial,apartment,good,yes,no,no,no,E,4.6,5.4,13.8,1686.0,Apr,108,290566
HP101774,102.8,2,1.8,9,22,1965,Industrial,apartment,poor,no,yes,no,no,A,4.0,4.7,16.6,1275.0,Dec,62,156299
HP101320,39.8,1,1.7,15,25,2000,University,apartment,fair,no,no,no,yes,D,6.6,6.3,4.0,2956.0,May,56,321782
HP100241,52.8,2,1.7,10,10,1992,Airport,townhouse,fair,yes,yes,no,yes,C,6.0,2.9,11.9,1793.0,Oct,27,312069
HP100698,81.8,1,1.0,19,30,2012,Industrial,townhouse,fair,no,yes,no,no,C,4.0,5.4,15.0,1452.0,Aug,81,275455
HP100841,74.6,1,1.5,18,19,1968,Airport,townhouse,good,no,yes,no,yes,D,4.5,5.9,12.2,2248.0,Mar,58,263278
HP101300,175.0,4,3.8,7,7,2020,Suburb,studio,good,no,yes,no,yes,D,7.3,3.7,10.6,2942.0,Feb,44,652936
HP100702,164.6,5,4.1,16,30,1979,Suburb,studio,fair,yes,yes,no,yes,D,7.3,3.9,11.8,3030.0,Nov,52,689446
HP101367,77.0,2,2.6,8,20,1969,Suburb,apartment,good,no,yes,no,yes,E,6.8,3.9,12.6,3170.0,Oct,72,317771
HP100584,106.1,3,2.2,11,13,2015,Green Hills,apartment,excellent,no,yes,no,no,C,8.7,2.6,7.6,3898.0,Mar,59,675475
HP100979,50.8,0,1.0,1,1,2011,Suburb,apartment,new,yes,no,no,yes,C,6.3,,11.5,2826.0,Jan,76,404093
HP100692,131.2,3,2.6,20,20,1967,Suburb,apartment,fair,no,yes,yes,no,B,7.9,0.9,11.2,2971.0,Feb,54,606224
HP100270,75.6,1,1.7,19,24,1972,Downtown,townhouse,fair,no,yes,yes,yes,A,9.3,1.9,2.5,3785.0,Apr,29,651966
HP101135,124.8,3,2.4,14,26,2007,Old Town,house,excellent,no,yes,yes,yes,C,5.6,5.8,4.4,2320.0,Dec,47,568798
HP100595,105.9,3,3.2,16,19,1970,Suburb,studio,good,no,no,no,yes,B,7.6,3.4,9.5,2509.0,Jan,80,508954
HP100785,129.9,3,3.1,4,14,1980,Old Town,apartment,fair,yes,yes,no,yes,D,5.2,5.5,3.3,2910.0,Sep,71,503853
HP100496,111.2,3,3.3,22,26,1985,Business Bay,house,good,no,yes,yes,yes,D,8.0,1.0,2.7,4508.0,Jan,34,835089
HP100220,71.1,1,2.3,6,12,1991,Old Town,house,good,yes,yes,yes,yes,C,5.0,3.0,5.6,2596.0,Aug,63,461958
HP101524,85.8,3,3.1,1,13,1990,Riverside,house,excellent,no,no,yes,yes,A,9.5,0.5,6.6,3904.0,Dec,67,723620
HP101219,85.5,3,2.5,1,15,1995,Downtown,apartment,good,yes,yes,yes,yes,B,7.5,2.1,0.3,3786.0,Jan,39,398135
HP100877,60.3,1,1.0,14,26,2021,Old Town,townhouse,good,no,no,yes,yes,E,5.4,4.9,4.0,2505.0,Aug,47,317428
HP100920,72.9,2,1.8,5,9,2007,Downtown,house,good,yes,no,yes,no,,6.9,4.2,2.5,3576.0,Dec,49,655037
HP101297,84.3,2,1.4,3,11,1969,Suburb,apartment,new,yes,yes,no,yes,C,6.8,0.6,10.2,2315.0,Oct,38,620928
HP100984,48.6,2,2.6,24,30,1988,Suburb,apartment,excellent,,yes,no,yes,B,7.7,1.1,10.9,3260.0,Oct,74,533560
HP101379,82.7,1,1.1,1,8,1985,Business Bay,house,good,no,yes,no,yes,B,7.9,2.0,0.2,4403.0,Jan,39,580284
HP101161,116.0,1,1.1,24,38,1965,Industrial,studio,good,no,yes,no,yes,B,5.0,4.3,18.1,1822.0,Oct,94,322605
HP100312,93.6,3,2.5,2,6,2003,Suburb,apartment,excellent,no,no,no,no,A,7.5,2.8,9.5,2933.0,Jun,47,589770
HP101460,90.6,2,1.0,7,17,1995,Airport,apartment,new,no,no,yes,yes,D,4.1,6.8,11.8,2291.0,May,48,440042
HP100507,47.6,1,1.4,12,22,1978,Green Hills,apartment,fair,no,yes,no,no,C,9.4,0.8,6.6,3651.0,May,53,428738
HP101258,78.3,1,1.1,25,37,2008,University,apartment,excellent,no,yes,yes,yes,C,5.8,3.4,4.6,2588.0,Sep,47,489264
HP100393,48.5,1,1.0,17,27,1969,Riverside,apartment,excellent,no,yes,no,yes,D,8.3,1.1,7.4,2939.0,Dec,46,479901
HP100409,120.0,3,3.4,2,13,1982,Market,apartment,excellent,no,yes,no,yes,E,5.0,5.2,2.8,1108.0,May,53,552282
HP100677,58.5,1,1.0,6,9,1973,University,apartment,good,no,yes,yes,yes,B,6.0,4.9,4.5,2542.0,Apr,80,782942
HP100952,215.3,5,4.2,25,36,1983,Suburb,townhouse,excellent,yes,yes,yes,yes,C,7.6,2.0,11.0,3552.0,Jul,49,1065297
HP101706,143.2,3,2.4,11,25,2011,Downtown,house,excellent,no,yes,no,yes,B,7.3,3.4,2.3,3433.0,Mar,76,867569
HP100328,88.5,3,2.5,3,13,2018,Industrial,apartment,fair,no,yes,yes,yes,C,4.5,4.7,14.6,1262.0,Mar,76,326634
HP101036,65.9,3,2.1,20,32,1995,Old Town,house,fair,no,yes,yes,yes,C,5.7,5.3,1.5,2295.0,Feb,61,406153
HP100085,214.6,6,4.5,8,9,1989,Downtown,apartment,new,no,no,no,yes,,7.3,2.1,1.6,4282.0,Apr,33,1125577
HP100083,145.5,4,3.7,5,8,2001,Suburb,townhouse,excellent,yes,yes,yes,yes,C,8.1,2.4,11.9,2484.0,Jul,45,840207
HP100206,122.2,2,2.8,24,37,1979,Suburb,house,fair,no,no,no,no,C,7.6,3.2,10.9,3186.0,Jan,33,560604
HP100103,77.4,1,1.0,20,30,1997,Market,apartment,excellent,no,no,yes,no,A,6.5,4.5,5.1,1856.0,Dec,55,424637
HP101218,73.9,1,2.0,17,27,1996,Riverside,apartment,excellent,yes,yes,yes,yes,,8.5,3.8,6.2,3176.0,Jan,45,531214
HP100734,77.3,1,1.6,17,27,2025,Downtown,studio,good,yes,yes,yes,no,E,7.6,1.9,0.2,3676.0,Nov,78,606641
HP101204,30.2,2,2.3,19,28,1997,Downtown,apartment,good,no,yes,no,yes,C,6.7,2.8,0.4,3642.0,Mar,57,520001
HP100694,86.7,1,1.5,23,27,1986,Green Hills,studio,good,no,no,no,no,B,8.2,1.4,6.7,3468.0,Feb,53,506613
HP101189,106.6,3,2.9,25,31,1968,Industrial,house,excellent,no,yes,no,yes,D,4.5,5.6,14.5,1885.0,Nov,61,412803
HP100497,164.8,5,3.5,6,8,1995,Industrial,apartment,good,no,yes,no,yes,D,5.4,5.2,15.5,1827.0,Dec,34,528622
HP101165,89.0,2,1.8,16,27,1983,Green Hills,house,good,no,yes,no,no,C,9.0,1.2,6.4,3651.0,Jul,48,642917
HP100327,173.0,6,3.8,11,25,1998,University,apartment,excellent,no,yes,no,yes,C,7.5,0.8,3.1,2551.0,Mar,73,876525
HP101786,124.7,3,1.7,18,21,1968,Old Town,apartment,excellent,no,no,yes,no,C,6.5,3.4,3.7,2602.0,Nov,63,547414
HP100660,100.1,2,3.4,1,5,2018,Suburb,townhouse,good,yes,no,yes,yes,B,6.9,3.9,9.0,2675.0,Sep,57,592595
HP100346,54.6,1,1.9,8,19,2009,Market,apartment,good,no,yes,no,no,B,5.6,6.3,4.6,2065.0,Sep,58,400712
HP100210,93.4,3,3.0,20,27,2003,Riverside,apartment,good,no,yes,yes,no,B,7.8,1.6,4.5,3472.0,Apr,23,621450
HP100567,74.4,2,1.0,9,9,2002,Downtown,apartment,fair,no,yes,yes,yes,B,7.0,3.2,1.4,3863.0,Oct,66,568023
HP100142,60.7,2,2.7,7,21,1965,Market,apartment,good,no,yes,yes,yes,C,5.8,3.9,3.3,2448.0,Jul,47,390502
HP100514,53.8,0,1.2,1,10,1996,Old Town,apartment,new,yes,yes,no,yes,C,4.9,4.6,1.8,1994.0,Jun,81,402266
HP101028,106.1,2,1.1,5,8,1968,Riverside,townhouse,good,yes,yes,yes,no,A,8.3,0.6,7.6,,Feb,57,709662
HP101068,76.5,2,1.8,9,23,2006,Downtown,studio,good,no,yes,yes,no,C,7.2,2.4,2.5,3862.0,Aug,9,520637
HP100864,179.3,4,2.6,13,24,2012,Downtown,house,good,no,yes,no,yes,B,7.5,4.3,1.4,3397.0,Dec,69,943610
HP100891,94.0,2,1.4,11,22,1972,Market,apartment,good,yes,yes,yes,yes,C,5.9,5.0,3.1,2499.0,Feb,77,566915
HP101226,82.3,3,1.8,8,18,2020,Business Bay,apartment,good,yes,yes,yes,yes,,8.4,3.8,3.9,4187.0,Mar,75,646391
HP100814,172.1,4,2.9,3,14,1975,Suburb,apartment,good,no,no,no,yes,B,6.4,3.2,12.7,2843.0,Apr,36,718774
HP101358,57.6,3,2.7,13,21,1985,Riverside,studio,good,no,yes,no,yes,B,8.3,0.5,4.9,3356.0,May,27,554407
HP100563,70.5,3,2.1,18,28,2014,Industrial,studio,good,yes,yes,yes,yes,C,4.2,8.5,14.9,1517.0,Nov,108,234148
HP101294,87.8,0,1.1,12,18,1996,Old Town,house,good,no,yes,no,no,D,6.5,3.4,2.1,1694.0,Mar,62,404200
HP100371,73.2,3,3.1,7,7,1971,Suburb,apartment,good,yes,yes,no,yes,C,7.9,3.6,8.6,2902.0,Feb,35,761882
HP101181,82.6,3,2.4,3,13,1991,Downtown,apartment,excellent,no,yes,yes,yes,A,7.1,2.7,2.0,3042.0,Nov,80,673547
HP101011,92.0,2,2.7,6,11,2008,Industrial,townhouse,good,no,yes,yes,yes,C,4.3,4.8,16.3,2209.0,Aug,65,416697
HP100890,69.9,3,2.6,10,10,2014,Old Town,studio,excellent,yes,yes,no,yes,A,5.3,2.1,3.6,2529.0,Oct,82,517921
HP101749,82.3,2,1.9,18,22,1989,Business Bay,townhouse,good,no,yes,yes,yes,B,7.2,2.5,3.2,3726.0,Apr,40,718446
HP101261,52.1,0,1.0,14,25,2023,Business Bay,apartment,excellent,no,yes,no,yes,D,9.5,0.5,3.1,3984.0,Apr,47,613745
HP100683,96.6,1,1.0,14,21,1968,Business Bay,apartment,poor,yes,no,yes,no,A,8.3,0.7,3.4,4961.0,Sep,62,702341
HP100632,81.9,3,1.8,10,24,1986,Downtown,house,fair,no,yes,yes,yes,C,8.8,0.5,3.2,3477.0,Jan,51,646862
HP100194,102.4,3,2.0,10,15,1998,Suburb,house,good,no,yes,yes,no,C,6.2,1.1,12.0,2723.0,Oct,33,652605
HP100513,92.3,2,1.7,24,38,2017,Suburb,apartment,good,no,yes,yes,no,D,7.2,4.5,10.2,3144.0,Mar,82,437280
HP100209,145.0,2,2.7,20,21,1981,University,house,good,no,yes,no,yes,D,6.4,3.1,3.3,3299.0,May,62,646978
HP101000,116.5,3,2.9,1,14,2021,Downtown,studio,fair,no,yes,yes,yes,A,9.1,1.0,0.2,4245.0,Jul,34,751424
HP101186,43.0,3,2.9,2,15,1970,Business Bay,apartment,good,yes,yes,no,yes,C,7.3,4.1,3.0,4359.0,May,76,529802
HP100635,148.8,4,3.3,18,23,2015,Downtown,studio,fair,yes,yes,yes,yes,C,7.8,1.3,0.2,3950.0,Apr,60,820646
HP101538,86.6,2,1.2,14,25,2025,Airport,apartment,good,yes,yes,yes,yes,B,5.7,5.5,11.7,2197.0,Mar,51,424216
HP100087,149.0,4,3.2,5,12,1998,Business Bay,apartment,new,no,yes,yes,yes,C,8.4,0.5,4.6,3541.0,Aug,30,916614
HP101413,127.9,2,2.2,18,32,1973,Market,house,fair,no,yes,no,yes,C,5.6,4.8,5.0,2229.0,Oct,69,567391
HP100909,112.9,2,2.3,2,2,1976,Old Town,house,good,no,yes,yes,yes,A,6.0,6.6,2.8,1913.0,Jul,68,570307
HP100190,80.0,1,1.4,2,6,2006,Market,apartment,new,no,no,no,no,C,6.7,4.5,2.2,2456.0,May,39,499567
HP100178,139.4,4,2.7,23,32,2006,Green Hills,townhouse,good,yes,yes,no,yes,,9.1,0.8,8.8,3583.0,May,33,832851
HP100556,80.6,2,2.5,8,14,1990,Old Town,house,good,no,yes,yes,yes,D,5.5,5.1,3.8,2847.0,Dec,65,505715
HP101363,56.4,3,2.6,12,21,1970,Downtown,house,good,no,yes,yes,no,C,7.5,1.8,2.3,3441.0,Sep,46,604232
HPDUP005,57.6,0,1.0,25,28,1974,Suburb,apartment,excellent,yes,yes,no,yes,C,8.5,2.1,10.1,2374.0,Dec,49,458444
HP101341,67.0,1,1.0,8,17,1994,Airport,apartment,good,no,yes,no,no,C,5.4,5.2,13.1,2519.0,Apr,70,232170
HP100744,95.7,2,,11,21,1982,University,house,new,no,yes,yes,yes,C,7.1,3.0,5.3,2791.0,Jan,43,632369
HP101356,51.2,0,1.0,5,5,2013,University,apartment,fair,no,no,no,yes,E,5.4,6.8,2.9,2582.0,May,62,329573
HP101128,84.3,2,2.0,2,4,2006,Industrial,apartment,good,no,yes,no,yes,D,4.5,4.5,16.2,2056.0,Sep,82,234772
HP101331,108.8,3,3.0,1,2,2019,University,studio,excellent,no,yes,yes,yes,C,8.3,2.4,5.2,2433.0,Aug,23,619608
HP101097,66.5,1,1.0,3,13,1966,Airport,apartment,new,yes,yes,no,yes,E,4.8,4.1,13.9,2204.0,Nov,91,355380
HP100511,109.0,5,2.8,13,19,2002,Green Hills,apartment,excellent,yes,yes,yes,no,,9.3,0.5,8.9,3793.0,Apr,42,890588
HP101423,59.6,1,,22,32,2020,Old Town,house,excellent,no,yes,no,yes,B,5.5,4.8,1.6,1987.0,Jul,36,424376
HP101506,73.5,4,3.1,24,36,2022,Riverside,apartment,good,no,yes,yes,yes,A,8.3,0.5,6.5,3610.0,Jun,32,603909
HP100471,101.2,2,1.3,16,16,1980,Business Bay,house,fair,no,yes,yes,no,C,6.9,1.3,2.8,5022.0,Jul,70,666093
HP100398,36.6,0,1.2,12,24,1974,Business Bay,apartment,fair,no,yes,yes,yes,B,7.5,3.5,1.6,4688.0,Jul,54,484398
HP100035,54.6,2,2.3,2,6,2022,Suburb,apartment,excellent,no,yes,yes,yes,D,6.5,2.3,10.2,3343.0,Nov,49,510637
HP100205,111.6,3,1.9,10,15,2022,Suburb,studio,excellent,no,yes,yes,yes,A,7.5,3.6,9.7,3018.0,Feb,46,702425
HP100608,113.7,2,1.7,18,18,1984,Riverside,apartment,good,no,no,no,no,A,8.3,1.4,6.5,3548.0,Sep,63,642774
HP101555,84.1,3,2.6,15,23,1972,Airport,apartment,fair,no,yes,yes,yes,B,4.8,3.6,12.4,1774.0,Sep,69,331716
HP101347,103.9,2,1.7,2,13,2016,Old Town,house,fair,yes,yes,no,yes,D,5.2,5.8,1.2,2238.0,Jan,69,516626
HP101067,139.7,2,2.2,10,15,1995,Riverside,house,good,no,yes,yes,no,C,8.3,0.5,8.4,3486.0,Jan,51,746924
HP101285,105.2,2,2.6,3,4,2001,Market,apartment,poor,no,no,yes,yes,D,5.6,4.8,2.8,2723.0,Apr,63,463941
HP101172,79.5,1,1.0,11,12,1975,Suburb,apartment,good,no,yes,no,yes,B,5.8,2.1,11.1,1986.0,Oct,18,431463
HP100429,84.0,3,3.5,1,1,1982,Airport,house,excellent,no,no,yes,yes,C,6.7,3.3,11.1,2333.0,Sep,26,494622
HP101494,115.2,3,3.9,18,28,1994,Business Bay,house,poor,no,yes,yes,yes,A,9.2,0.5,2.1,4255.0,Jun,46,842002
HP100228,248.1,6,4.5,23,28,1983,Industrial,house,good,no,yes,yes,yes,C,4.9,5.2,15.1,1821.0,Apr,34,980128
HP101003,44.2,2,2.4,24,25,1969,Suburb,house,good,yes,yes,yes,yes,C,6.1,4.7,12.0,2901.0,Nov,71,427797
HP101029,86.3,3,2.5,4,11,1981,Business Bay,townhouse,poor,no,yes,no,no,D,8.1,2.2,2.6,4149.0,Nov,28,608268
HP101769,98.9,2,3.0,13,21,1993,Green Hills,apartment,good,no,yes,no,yes,B,9.6,0.5,7.0,3719.0,Oct,74,658054
HPDUP001,96.8,1,1.0,4,14,2004,University,apartment,fair,no,yes,yes,no,,6.1,2.6,2.9,1866.0,Oct,63,522085
HP101631,64.1,2,2.1,20,23,2025,Green Hills,house,good,yes,yes,yes,yes,B,9.5,0.6,7.2,3578.0,Dec,58,670227
HP100727,64.3,0,1.0,10,20,2015,Downtown,studio,new,no,yes,yes,yes,D,6.9,3.5,2.6,3992.0,May,43,545742
HP100318,147.5,4,2.6,16,26,1975,Old Town,apartment,poor,no,yes,yes,yes,C,4.6,6.5,2.7,2421.0,Dec,79,523808
HP100629,42.5,0,1.0,24,38,1969,Airport,townhouse,fair,yes,no,no,no,C,4.5,4.8,13.5,1971.0,Dec,50,183091
HP100925,37.7,1,1.3,4,13,1982,Suburb,townhouse,good,no,yes,yes,no,B,8.0,0.7,9.7,3169.0,Oct,67,408331
HP100893,44.9,1,1.0,18,30,2023,Downtown,studio,good,no,yes,yes,no,C,7.2,3.6,1.7,3775.0,Aug,51,473505
HP101019,98.4,1,1.6,15,25,1985,Business Bay,studio,good,no,yes,no,yes,B,8.3,1.5,2.7,4018.0,Jan,21,593074
HP101668,56.9,0,1.0,20,26,2021,Downtown,apartment,good,yes,yes,yes,no,C,6.4,2.3,0.3,3902.0,Nov,58,543754
HP100034,64.6,1,1.0,14,15,1990,Business Bay,apartment,new,no,yes,no,no,C,7.4,2.2,0.8,4120.0,Nov,47,639128
HP100075,142.9,2,1.3,13,21,1997,Suburb,townhouse,good,yes,yes,no,yes,B,6.4,3.9,11.3,2626.0,Nov,64,683413
HP100173,143.0,3,3.2,3,15,1982,Market,apartment,good,no,yes,no,yes,B,5.3,2.5,4.1,3422.0,Apr,48,1247478
HP101654,112.8,3,2.3,8,15,1990,Market,studio,fair,yes,yes,no,yes,B,5.3,4.6,5.1,2559.0,Sep,49,516909
HP101075,154.1,3,3.6,2,11,2018,Old Town,apartment,excellent,no,yes,yes,no,C,4.7,4.4,3.0,2063.0,Jan,66,674816
HP101596,86.0,3,3.3,4,6,2010,Suburb,apartment,good,no,no,no,yes,D,7.4,1.9,11.2,2886.0,Jan,79,480907
HP101609,150.4,3,3.0,18,18,1988,Business Bay,apartment,good,no,no,yes,yes,C,7.8,1.6,2.8,3898.0,Nov,35,838276
HP101721,97.3,2,1.7,21,33,1984,Suburb,townhouse,good,no,yes,no,no,B,8.3,2.1,8.7,3238.0,Sep,68,620597
HP100747,119.1,3,2.3,18,31,1995,Business Bay,apartment,good,yes,no,yes,no,C,8.3,2.3,2.4,3526.0,Apr,41,1304275
HP101244,91.7,2,1.4,16,16,1980,Old Town,townhouse,fair,no,no,no,yes,D,5.5,4.7,3.0,1726.0,Jul,54,425059
HP101672,89.3,2,1.1,3,7,2020,Airport,house,excellent,no,no,no,yes,D,4.5,7.6,11.6,1510.0,Oct,54,441902
HP100508,61.1,0,1.0,9,12,2016,University,house,good,no,yes,no,no,B,5.6,4.3,4.9,2306.0,Oct,36,444487
HP100710,99.6,2,2.3,24,36,1993,Market,house,good,no,yes,no,yes,A,5.8,4.0,6.0,1800.0,May,14,558930
HP101557,77.1,2,2.6,18,26,1991,University,house,good,no,yes,no,no,A,6.4,2.3,2.8,2602.0,Nov,94,591693
HP100607,98.1,1,1.0,13,18,1968,Downtown,apartment,excellent,yes,yes,no,yes,D,7.5,3.7,0.9,3288.0,Feb,57,653307
HP100387,78.4,2,,19,31,2019,Market,house,good,no,yes,yes,no,B,6.9,2.1,2.2,2163.0,May,59,555229
HP101117,54.7,3,2.6,1,11,1996,Airport,townhouse,good,no,no,yes,yes,C,4.4,5.3,11.0,1162.0,Mar,52,315207
HP101773,167.8,4,,5,14,2025,Green Hills,apartment,good,no,no,yes,no,E,8.6,0.5,5.3,4413.0,Jan,56,799075
HP100751,97.5,3,2.1,16,23,2023,Old Town,house,good,no,yes,yes,no,B,6.0,5.0,3.6,2983.0,Feb,86,582628
HP100911,50.5,2,2.4,6,17,1992,Green Hills,apartment,good,no,yes,yes,yes,D,9.5,0.5,4.9,3772.0,Jan,50,527196
HP100148,80.3,1,1.6,14,25,2000,Business Bay,apartment,good,no,yes,yes,no,C,8.9,1.0,2.1,4291.0,Oct,38,635437
HP100753,79.8,1,1.2,6,14,2016,Business Bay,studio,fair,no,no,no,yes,C,8.6,3.6,1.2,4177.0,Apr,51,485569
HP100402,93.1,3,2.8,13,19,1976,Airport,studio,good,no,yes,no,yes,B,5.7,3.7,14.5,2802.0,Jun,50,420580
HP101273,106.7,3,3.3,8,19,1976,University,house,poor,no,yes,no,no,A,6.7,5.2,3.5,2515.0,Nov,59,590454
HP100340,55.3,0,1.5,19,25,2007,Suburb,studio,new,no,no,no,no,C,6.4,3.0,9.8,3144.0,Sep,93,380601
HP101493,96.0,2,1.3,7,15,2012,Airport,house,fair,yes,yes,no,no,B,5.8,4.8,13.0,1774.0,Jul,73,224216
HP100987,115.9,2,2.7,5,18,2009,Downtown,house,fair,no,yes,yes,yes,D,7.7,0.5,0.7,3893.0,Aug,45,726530
HP100200,114.7,3,1.8,1,2,2023,Airport,townhouse,good,no,yes,yes,yes,A,4.9,4.1,13.6,2405.0,Nov,55,485431
HP101115,47.2,1,1.2,4,10,1982,Downtown,apartment,good,no,yes,yes,yes,C,8.4,1.3,0.6,2885.0,Aug,21,447153
HP100732,67.5,2,1.0,11,17,2005,Downtown,house,,no,no,yes,yes,C,8.6,1.2,3.8,3302.0,Feb,59,592768
HP100540,119.0,3,1.9,22,34,1980,Market,apartment,fair,no,yes,yes,yes,C,4.8,4.7,3.3,1676.0,Sep,60,539300
HP100691,120.0,2,2.1,1,2,2023,Green Hills,apartment,fair,no,no,no,yes,B,,1.4,9.4,4198.0,Sep,33,653357
HP100609,82.8,1,2.2,6,18,2025,Business Bay,studio,fair,no,yes,no,yes,D,7.7,2.7,1.0,4211.0,Sep,65,541164
HP101787,134.7,4,3.5,5,12,2013,Riverside,house,excellent,yes,yes,no,no,D,8.2,0.5,3.4,3781.0,Jun,27,895560
HP100955,64.4,0,1.0,5,16,2002,Green Hills,townhouse,good,no,no,no,yes,B,8.6,0.5,6.7,3626.0,Aug,35,557160
HP100280,45.6,1,1.6,19,25,2019,Downtown,apartment,fair,no,no,yes,yes,C,7.0,2.1,3.0,3976.0,Aug,56,576635
HP100410,115.6,1,1.0,25,31,1999,Industrial,studio,good,no,no,no,yes,C,3.7,6.4,14.0,2164.0,Jan,74,279099
HP101662,44.2,3,2.7,2,14,1981,Airport,apartment,new,no,yes,yes,no,B,5.9,4.3,14.5,2188.0,Dec,70,395485
HP101742,48.7,2,1.6,5,11,2006,Downtown,studio,excellent,no,yes,no,yes,,7.4,0.8,2.3,3409.0,Jun,36,517967
HP101414,111.0,3,2.9,1,9,1966,Suburb,apartment,good,no,yes,no,yes,B,6.9,0.9,11.2,3117.0,Feb,38,541195
HP100687,191.6,5,3.0,17,20,1984,Market,townhouse,good,no,yes,yes,yes,D,5.3,6.0,4.5,,Feb,99,783892
HP100335,64.6,0,1.0,4,4,1967,Industrial,house,fair,no,no,no,yes,C,4.7,5.9,15.0,1121.0,Apr,105,139828
HP100642,127.7,2,1.6,7,16,1996,Downtown,apartment,fair,no,yes,yes,yes,E,8.4,1.6,2.2,3370.0,Jun,14,636122
HP100314,59.3,0,1.0,5,10,1971,Old Town,apartment,good,no,yes,yes,no,A,5.3,4.1,2.2,2739.0,Jul,59,382112
HP100782,162.0,5,3.7,8,22,1976,Business Bay,apartment,excellent,no,yes,yes,yes,D,7.3,1.8,3.4,4655.0,Mar,56,932980
HP101421,45.4,2,3.1,12,17,2008,University,townhouse,excellent,no,yes,no,no,B,6.5,1.7,2.8,2913.0,Feb,53,537008
HP101732,96.9,3,2.8,13,14,2016,Riverside,house,excellent,no,yes,yes,no,A,7.5,1.8,6.5,3680.0,Jun,49,782377
HP101728,127.9,3,,13,13,2025,Downtown,townhouse,fair,no,yes,yes,yes,,8.6,1.7,2.5,2936.0,Dec,39,852123
HP101274,44.4,1,1.0,24,30,1989,Suburb,townhouse,fair,no,yes,no,yes,B,6.4,2.9,9.4,2887.0,Jul,48,340060
HP101573,185.2,5,4.2,7,17,1986,Green Hills,apartment,fair,yes,yes,no,yes,D,10.0,0.5,7.9,4621.0,Aug,29,968333
HP100092,115.5,2,1.5,7,12,2025,Business Bay,house,good,yes,yes,yes,yes,C,9.0,1.2,1.0,4290.0,Feb,41,488823
HP100834,79.4,1,1.0,1,15,1981,Riverside,house,good,no,no,yes,no,E,9.7,0.5,6.8,3104.0,Oct,74,556374
HP100592,149.6,4,2.9,11,23,2011,Old Town,apartment,fair,yes,no,no,no,B,6.1,2.6,1.8,1133.0,Nov,66,659584
HP101772,121.8,4,4.3,3,17,1971,Industrial,apartment,good,yes,no,yes,no,D,4.0,6.4,16.4,1717.0,Jan,65,432989
HP100394,143.2,4,3.8,25,36,1974,Downtown,house,good,yes,yes,no,yes,C,7.1,2.6,2.9,3498.0,May,84,928013
HP101560,100.3,2,1.0,25,30,2001,Market,apartment,excellent,no,yes,no,no,C,6.4,2.8,4.0,1860.0,Jul,34,572431
HP101069,102.3,4,2.5,19,26,1990,Business Bay,apartment,good,yes,yes,no,yes,C,8.8,1.5,0.9,4127.0,Jun,82,721493
HP100575,87.7,3,2.3,22,32,1974,University,apartment,good,no,yes,no,yes,B,6.4,4.1,5.9,2241.0,Jul,51,445569
HP100573,114.1,3,2.1,25,39,1969,Airport,apartment,excellent,no,yes,yes,yes,C,5.1,4.2,13.5,1636.0,Oct,41,439038
HP101797,80.0,2,2.2,4,6,1982,Suburb,studio,poor,no,no,yes,yes,B,6.0,2.4,9.1,2339.0,Oct,67,342130
HP101302,106.8,3,3.2,21,30,1967,Airport,studio,fair,no,yes,no,no,C,5.9,3.6,12.4,1863.0,Mar,36,337974
HP100735,72.6,1,2.0,3,12,1994,Riverside,house,excellent,no,yes,yes,yes,D,7.2,5.0,7.5,4047.0,Dec,55,627689
HP101656,72.7,1,,16,19,2011,Suburb,studio,fair,no,no,no,no,B,8.8,0.5,11.1,3185.0,Jul,55,442606
HP100279,80.2,2,1.9,12,25,2019,Green Hills,apartment,excellent,no,yes,yes,no,C,9.3,1.0,7.4,3334.0,Jun,42,655845
HP100337,75.0,2,1.0,10,23,2014,Riverside,townhouse,fair,no,yes,yes,yes,B,7.0,2.9,5.4,3979.0,Jul,82,629330
HP100227,108.9,2,1.9,8,8,2023,University,apartment,new,yes,yes,yes,yes,C,7.0,2.9,4.7,2462.0,May,62,739779
HP100008,60.4,1,1.2,2,6,2005,Suburb,apartment,excellent,yes,yes,no,no,B,7.4,,11.0,2741.0,Jun,93,540401
HP101109,99.3,4,2.9,1,7,2003,Suburb,house,good,no,yes,yes,yes,E,6.9,5.2,10.4,2523.0,Feb,48,505227
HP101561,87.9,2,1.7,20,24,1969,Industrial,apartment,good,yes,yes,yes,yes,E,4.9,6.1,15.3,2496.0,Sep,81,333354
HP101703,107.6,3,1.7,3,8,1987,Industrial,house,excellent,no,no,no,no,A,5.4,2.9,15.6,1184.0,Apr,55,463595
HP100068,96.3,4,3.3,22,23,2022,Downtown,house,fair,no,yes,yes,yes,,8.5,3.5,0.2,4157.0,Aug,94,780717
HP101653,200.0,6,4.5,13,23,1999,Suburb,apartment,good,no,yes,no,no,B,8.1,2.6,10.9,2972.0,Feb,53,835010
HP101120,25.9,1,1.0,19,20,2025,Industrial,studio,good,no,yes,yes,yes,A,4.8,3.4,14.2,1460.0,Mar,57,218636
HP101365,95.0,1,1.3,20,30,1965,University,house,fair,yes,yes,yes,yes,D,7.3,0.5,5.3,2502.0,Nov,36,593923
HP101145,74.7,3,2.7,6,19,1989,Old Town,apartment,excellent,no,yes,no,yes,B,5.9,4.0,2.2,2253.0,Mar,58,519923
HP101180,112.4,3,2.5,16,18,2001,Airport,house,,yes,yes,yes,no,C,6.3,4.3,12.3,1625.0,Jul,53,566687
HP101564,58.9,0,1.0,21,30,2012,Airport,apartment,excellent,no,yes,yes,no,B,5.6,3.5,13.3,1355.0,Apr,95,288137
HP101446,94.3,2,1.6,19,19,2000,Green Hills,apartment,fair,,no,no,yes,D,8.8,0.6,7.7,3623.0,Jan,84,592939
HP100024,91.6,2,1.1,24,28,1975,Airport,townhouse,good,yes,yes,yes,no,B,,3.8,11.5,1710.0,Apr,75,410378
HP100633,44.3,4,2.5,8,22,2004,Old Town,apartment,excellent,no,yes,yes,yes,D,5.9,3.2,4.9,2377.0,Jun,3,533203
HP100470,55.9,2,2.3,1,2,1983,Business Bay,house,poor,yes,no,no,yes,B,8.0,1.3,4.4,4891.0,Jun,49,628446
HP100557,146.6,4,2.8,16,25,1974,University,house,good,no,yes,yes,yes,C,7.5,2.9,5.5,2517.0,Jun,68,756907
HP100293,99.8,3,2.7,16,18,1984,Downtown,apartment,good,no,no,yes,yes,E,8.3,,0.2,4165.0,Jul,51,719987
HP100772,81.5,3,1.7,1,11,1992,Industrial,townhouse,good,no,yes,yes,no,C,,5.5,13.4,2320.0,Mar,75,386333
HP101262,83.3,1,1.3,22,32,1981,Old Town,apartment,excellent,no,yes,yes,no,B,6.1,2.5,2.0,2382.0,Dec,74,453911
HP101713,76.1,2,2.3,15,27,2007,Green Hills,studio,fair,yes,no,yes,yes,E,9.2,0.5,6.4,,Apr,36,500570
HP101188,112.8,3,1.7,22,32,2004,Suburb,apartment,fair,no,no,yes,yes,A,7.4,4.3,11.5,2694.0,Aug,42,575651
HP101022,56.2,2,2.2,16,17,1982,Market,apartment,good,no,yes,no,yes,B,5.2,5.4,4.0,2464.0,Feb,43,447912
HP100120,77.5,1,2.2,20,33,1991,University,house,good,no,yes,no,no,C,7.2,0.5,4.5,1905.0,Nov,49,550447
HP100905,114.5,2,1.0,2,15,1982,Industrial,house,good,no,no,yes,no,C,3.1,5.3,15.2,1888.0,Dec,37,358925
HP101306,149.7,5,4.0,11,21,1981,Industrial,apartment,good,yes,yes,yes,yes,C,4.7,2.8,16.1,1757.0,Aug,34,561722
HP101388,190.6,4,2.5,24,30,1995,Green Hills,apartment,fair,no,yes,no,no,E,8.7,2.9,8.6,3668.0,Dec,44,844446
HP101334,75.8,2,2.5,14,15,2003,Market,house,fair,yes,yes,yes,yes,C,6.2,2.1,4.5,1947.0,May,45,533569
HP100510,67.0,2,2.1,25,36,1994,Downtown,studio,good,no,yes,yes,yes,A,7.0,3.5,1.5,3585.0,Feb,73,532551
HP100179,63.4,2,2.1,25,39,1996,Riverside,apartment,fair,yes,yes,yes,yes,E,8.6,2.0,6.7,3727.0,Oct,14,523202
HP101093,72.7,1,2.0,14,20,1969,Suburb,house,good,no,no,no,yes,C,6.7,4.8,11.2,2139.0,Jun,54,446370
HP101183,85.9,4,2.9,22,36,1979,Suburb,house,good,no,yes,no,yes,B,7.2,3.1,8.5,2097.0,May,71,563672
HP100815,54.4,1,1.0,23,27,1971,Green Hills,house,good,yes,no,no,yes,E,9.3,3.5,8.0,4288.0,Jun,77,552931
HP101760,89.7,3,2.7,6,15,1971,Old Town,house,excellent,yes,no,yes,yes,C,5.3,4.3,2.3,2866.0,Sep,38,513110
HP100863,51.8,0,,14,19,1977,University,apartment,good,no,yes,yes,yes,D,7.9,4.5,4.4,2615.0,Apr,78,369711
HP101082,134.1,2,1.3,10,24,1976,Market,house,poor,no,yes,yes,yes,C,6.0,3.2,3.5,,Jan,74,516247
HP101208,94.1,2,1.6,5,19,2012,Suburb,apartment,excellent,no,yes,no,yes,C,6.3,,11.1,2862.0,Apr,39,497970
HPDUP000,68.0,2,2.8,19,28,1970,Suburb,apartment,good,yes,no,yes,yes,D,8.2,2.1,10.2,2123.0,Dec,54,430225
HP101289,51.7,0,1.0,19,30,2025,University,studio,good,no,yes,no,yes,B,,3.9,3.7,2906.0,Dec,62,407631
HP101584,61.3,1,1.0,20,30,1997,Industrial,apartment,fair,yes,yes,no,no,D,4.2,7.2,12.2,1249.0,Feb,58,162226
HP101613,88.3,2,1.2,6,16,1972,Old Town,apartment,excellent,no,yes,no,yes,D,5.3,5.3,3.5,1943.0,Dec,26,426360
HP100380,50.9,1,1.1,21,28,2023,University,townhouse,good,no,yes,yes,no,C,7.4,1.1,4.2,2435.0,Jun,53,481749
HP100604,67.0,1,1.0,10,12,1992,Market,townhouse,excellent,yes,no,no,no,,7.3,1.7,2.5,1979.0,Jan,23,907833
HP101488,93.6,3,3.2,24,30,1975,Green Hills,apartment,good,no,yes,yes,yes,D,8.7,0.6,6.7,3607.0,Feb,59,629364
HP101580,128.9,3,3.2,8,8,1993,Green Hills,apartment,good,,yes,yes,no,D,9.6,0.5,6.8,4065.0,Sep,31,781478
HP100550,62.6,1,1.2,11,17,2016,Business Bay,apartment,excellent,no,no,no,yes,B,7.2,3.4,3.1,3990.0,Dec,64,609302
HP101171,48.4,1,1.7,22,35,2000,Riverside,house,excellent,no,no,yes,yes,B,9.1,1.8,7.8,3991.0,Dec,21,595784
HP100251,101.4,1,1.5,18,18,2018,Green Hills,apartment,fair,no,yes,yes,no,E,10.0,0.6,7.2,4114.0,Mar,64,649374
HP101679,122.2,4,4.0,10,10,2000,University,house,fair,no,no,no,yes,B,6.7,4.0,3.0,1848.0,Jul,56,726885
HP100212,95.3,2,1.3,20,29,2017,Suburb,apartment,good,no,yes,no,yes,C,7.0,3.5,9.3,2679.0,Dec,34,425800
HP101546,59.1,3,2.7,3,3,2025,Suburb,townhouse,excellent,no,no,no,yes,A,7.1,,11.1,2737.0,Apr,96,586201
HP100330,82.6,1,,21,30,2022,Riverside,apartment,excellent,no,yes,yes,no,B,8.5,3.1,7.0,2881.0,Dec,19,644141
HP100432,83.8,1,1.7,9,20,1970,Riverside,apartment,excellent,yes,no,yes,yes,D,8.9,1.5,7.9,3137.0,Oct,64,592687
HP100276,74.3,3,2.1,5,16,1968,Old Town,studio,good,no,no,no,yes,D,5.8,4.4,3.7,2450.0,Jun,82,261536
HP101725,65.7,2,1.3,9,9,1976,Downtown,apartment,fair,no,yes,yes,yes,C,8.1,1.4,0.2,3070.0,Jun,78,552471
HP101335,79.3,2,1.6,5,16,1990,Green Hills,townhouse,excellent,yes,yes,no,yes,C,8.8,1.1,6.5,3813.0,Feb,35,1121089
HP101468,49.6,1,1.2,15,29,1966,Riverside,studio,good,no,yes,no,yes,D,8.4,5.5,5.7,3287.0,Sep,46,377338
HP100291,91.0,2,1.6,24,37,2018,Downtown,townhouse,fair,no,yes,no,yes,A,8.5,1.3,0.6,3273.0,Jun,42,632139
HP100901,96.4,2,2.6,18,24,1983,Suburb,house,good,yes,yes,no,no,C,7.6,3.4,9.0,3245.0,Mar,26,643822
HP100448,78.2,2,1.6,11,12,1985,Downtown,apartment,good,,yes,no,no,E,7.8,1.4,0.2,4204.0,Sep,38,524204
HPDUP008,58.2,1,1.5,9,13,1993,Market,apartment,good,no,no,yes,no,D,6.1,6.1,3.0,2567.0,Aug,81,305059
HP101517,83.9,1,1.9,22,35,2016,Market,apartment,fair,no,no,yes,yes,C,5.5,5.5,5.2,2629.0,Nov,45,417044
HP101576,51.5,0,1.0,12,21,2016,Airport,apartment,excellent,no,no,no,no,A,4.9,4.1,12.6,1703.0,Jan,72,241981
HP100303,76.4,2,1.1,8,12,1978,University,studio,good,no,yes,no,no,A,,4.6,3.7,1531.0,May,55,397858
HP101550,38.3,0,1.0,15,16,2012,Suburb,apartment,excellent,yes,yes,no,no,C,7.0,3.1,10.5,2743.0,Sep,53,401842
HP101695,113.4,2,3.0,17,31,1978,University,townhouse,good,no,yes,yes,no,C,7.0,1.6,5.6,2833.0,Jan,90,585790
HP100940,67.6,1,1.0,21,24,1981,Suburb,apartment,good,yes,yes,yes,yes,C,6.5,3.9,9.5,3099.0,Jun,52,448691
HP100067,83.6,2,2.1,9,22,1978,Old Town,apartment,poor,yes,yes,yes,yes,D,6.1,6.7,2.1,2504.0,May,98,419072
HP100019,51.5,0,2.1,13,26,2012,Industrial,house,excellent,no,yes,no,no,D,3.7,8.2,14.8,1537.0,May,84,220199
HP100324,50.6,1,1.0,5,13,1992,Green Hills,apartment,excellent,no,yes,yes,no,D,9.6,0.5,7.5,3343.0,Apr,51,572263
HP101284,86.5,3,2.3,11,20,2010,Market,townhouse,fair,no,yes,yes,no,E,5.6,5.3,4.0,2565.0,Sep,61,534693
HP101658,187.3,6,3.5,5,8,1987,Business Bay,apartment,excellent,yes,yes,yes,yes,C,7.1,0.5,4.0,4392.0,Feb,61,1059455
HP101433,118.0,3,3.6,16,28,2002,Suburb,apartment,good,no,yes,no,yes,A,8.4,2.9,9.0,2948.0,Oct,57,680182
HP101424,98.6,1,1.8,13,22,1982,Old Town,apartment,poor,no,yes,yes,no,E,5.2,4.9,4.6,1999.0,Jun,65,333854
HP100054,112.8,3,2.5,19,31,1965,Riverside,townhouse,excellent,yes,yes,yes,yes,C,9.4,0.5,6.3,,Sep,64,738554
HP100963,99.3,1,2.7,25,25,1996,Suburb,apartment,good,no,no,yes,yes,C,7.4,2.0,11.9,2784.0,Jan,46,540602
HP100931,86.3,2,1.3,23,37,2007,Old Town,apartment,good,yes,yes,yes,yes,A,5.7,5.0,3.0,2076.0,Dec,71,496268
HP101700,63.6,3,2.5,9,20,2007,Green Hills,apartment,fair,yes,yes,yes,yes,D,10.0,0.8,7.2,3714.0,Jun,63,652167
HP100150,85.9,3,2.2,19,25,2008,Green Hills,studio,good,no,yes,yes,yes,C,8.7,1.1,7.4,3244.0,Oct,63,632937
HP101752,113.5,3,2.2,12,17,2021,Green Hills,apartment,good,no,yes,no,no,C,8.5,3.3,10.0,3492.0,Sep,54,620559
HP101121,57.6,2,2.0,22,36,2018,Downtown,apartment,good,no,yes,yes,yes,B,7.2,1.8,1.6,3400.0,Dec,36,669820
HP101782,108.4,2,1.8,13,24,2020,Suburb,apartment,good,yes,yes,yes,yes,D,6.2,4.0,10.9,2480.0,Feb,45,1029838
HP101130,83.7,3,,11,18,2012,Market,house,good,no,yes,no,yes,A,5.9,5.1,6.0,1469.0,Jul,60,510848
HP100743,74.4,3,3.2,25,38,2009,Downtown,apartment,excellent,no,yes,yes,yes,A,8.5,2.4,4.2,3431.0,Jun,38,755651
HP101537,64.9,1,1.0,21,29,2016,Riverside,studio,good,no,yes,no,no,C,8.4,0.5,4.9,2886.0,Jan,56,437688
HP100749,71.4,2,1.9,16,18,2025,Green Hills,apartment,good,no,yes,yes,yes,D,8.2,0.5,4.9,3665.0,Feb,51,612198
HP100755,56.7,0,1.0,15,18,2012,Suburb,house,,no,yes,yes,no,,7.2,3.2,9.2,2694.0,Aug,56,436529
HP101048,103.6,2,3.2,23,25,2003,Green Hills,townhouse,good,yes,yes,no,no,C,8.9,2.1,5.6,3789.0,Apr,56,757392
HP100811,102.4,3,2.1,25,29,1990,Downtown,townhouse,good,no,yes,yes,no,C,7.3,3.3,1.6,4107.0,Jul,38,794091
HP100661,97.3,2,1.3,5,14,1986,Green Hills,house,excellent,no,yes,yes,yes,B,8.8,0.5,9.4,3646.0,Sep,59,777669
HP101657,59.5,1,1.0,12,16,2005,Green Hills,studio,,yes,no,yes,no,B,10.0,0.5,7.9,3958.0,Aug,69,531797
HP101106,87.9,0,1.0,14,17,1998,Downtown,studio,excellent,no,no,yes,yes,C,7.6,0.5,2.5,3468.0,Feb,28,552250
HP100255,51.4,1,1.6,21,26,1984,Riverside,house,good,no,yes,no,yes,C,8.5,0.8,5.6,3765.0,Oct,58,483929
HP100934,63.9,1,1.5,24,36,2014,Airport,apartment,good,no,yes,yes,no,,4.8,5.0,15.4,1282.0,Jul,42,213346
HP100869,74.1,1,1.3,4,13,1993,Suburb,house,excellent,no,yes,no,yes,B,7.4,3.6,10.4,2557.0,Oct,87,511729
HP101673,57.6,0,1.0,25,28,1974,Suburb,apartment,excellent,yes,yes,no,yes,C,8.5,2.1,10.1,2374.0,Dec,49,458444
HP100892,83.8,3,2.4,7,17,1981,Suburb,townhouse,fair,no,yes,no,yes,C,7.1,0.7,13.1,2635.0,Dec,54,521407
HP100873,157.1,4,3.0,16,26,1983,Old Town,house,good,yes,yes,yes,yes,C,5.2,4.2,2.2,2655.0,Oct,61,799240
HP100613,59.1,2,1.2,12,12,2015,Market,house,excellent,yes,no,yes,yes,E,6.7,2.4,3.9,1253.0,Jun,59,563471
HP101403,123.9,3,2.8,12,23,1984,Old Town,house,good,no,yes,yes,no,C,,2.8,3.3,2180.0,Jul,39,653223
HP101100,29.4,2,1.2,7,12,2024,Downtown,apartment,fair,yes,yes,yes,yes,A,7.7,3.1,2.1,4820.0,Jul,55,571352
HP100388,46.3,0,1.0,4,7,1970,Downtown,apartment,fair,no,yes,no,no,C,7.1,2.2,1.3,4325.0,Mar,26,448354
HP100936,51.4,2,2.0,6,17,1996,Market,apartment,excellent,no,yes,no,yes,A,5.4,2.7,7.4,2442.0,Jan,77,433852
HP100406,56.3,1,1.5,2,8,2022,Suburb,house,,no,yes,yes,yes,B,7.3,3.5,13.0,2625.0,Jun,37,367169
HP101315,40.9,1,1.4,13,23,2017,Riverside,house,fair,no,no,no,no,A,7.6,3.1,5.5,4380.0,Jul,24,487204
HP100794,96.9,2,2.3,24,38,2005,Downtown,apartment,excellent,no,yes,yes,yes,A,6.9,2.5,1.2,3609.0,Sep,41,810689
HP100715,111.9,4,4.5,19,30,2017,Suburb,townhouse,fair,no,yes,yes,yes,D,7.0,2.3,10.1,2508.0,Nov,55,653026
HP101134,59.8,2,1.5,23,28,1989,Market,house,good,no,yes,yes,no,B,5.6,5.3,4.5,1893.0,Apr,57,280515
HP101023,111.3,3,3.5,16,23,2011,University,studio,excellent,no,yes,yes,no,A,5.8,3.7,3.2,2465.0,Jan,67,544913
HP101055,159.8,6,4.1,22,33,2010,Riverside,studio,good,no,yes,no,no,C,8.5,3.0,7.0,3520.0,Jan,25,761613
HP101587,81.3,2,2.6,6,20,1970,University,studio,fair,yes,no,yes,yes,C,7.6,2.3,3.9,2106.0,Mar,39,451758
HP100246,96.1,3,2.3,6,6,2005,Industrial,apartment,poor,no,no,yes,no,D,4.5,4.5,15.6,2108.0,Dec,68,257980
HP100145,99.8,2,2.6,13,16,2020,Suburb,studio,new,no,yes,yes,yes,B,6.9,3.0,10.0,,Aug,58,636558
HP101687,54.5,1,1.0,19,25,1988,University,townhouse,fair,no,yes,no,yes,C,6.5,5.2,5.9,2604.0,Mar,58,411986
HP101152,173.1,6,4.3,1,6,2013,Downtown,apartment,excellent,yes,no,no,yes,C,7.7,0.5,0.2,2727.0,Sep,31,982931
HP101661,145.4,4,2.5,4,14,1986,Industrial,townhouse,good,no,yes,no,no,D,4.7,5.8,15.4,1199.0,Jan,83,434005
HP100622,58.4,2,1.9,7,7,2009,Market,townhouse,good,no,yes,yes,yes,D,6.0,2.7,6.5,2418.0,Nov,78,520172
HP101778,89.0,2,2.3,25,37,1981,Old Town,townhouse,good,no,no,no,yes,A,6.0,4.8,3.7,2188.0,Nov,71,480145
HP100460,96.4,2,1.8,2,5,1977,University,house,excellent,yes,yes,no,yes,D,7.9,3.0,3.7,2987.0,Sep,67,603543
HP100486,95.0,3,3.1,6,16,2005,Business Bay,studio,good,yes,yes,no,yes,B,7.8,0.9,2.3,3355.0,Apr,48,647419
HP101717,186.2,4,4.1,24,27,1965,Industrial,apartment,fair,no,yes,yes,yes,B,3.9,5.9,15.6,1473.0,May,63,523147
HP100090,45.8,0,1.4,11,17,2012,Suburb,apartment,excellent,yes,yes,yes,yes,C,6.8,2.9,10.7,2122.0,Aug,68,419388
HP101229,94.2,2,2.5,10,22,1968,Downtown,apartment,poor,no,yes,no,no,C,6.8,5.0,4.1,4457.0,Apr,62,519670
HP100492,62.3,1,2.4,4,8,2019,Industrial,house,excellent,yes,no,yes,no,B,5.1,5.0,13.4,1324.0,Jun,94,404683
HP100170,54.0,3,2.3,18,30,2011,Old Town,apartment,good,no,yes,no,no,D,5.4,2.3,2.5,,Aug,44,363145
HP100056,98.3,2,1.7,2,8,2018,Business Bay,apartment,new,no,yes,yes,yes,B,7.4,3.8,2.2,4153.0,Mar,68,706578
HP100404,96.8,2,,22,23,2024,Market,apartment,new,no,yes,no,yes,D,6.5,5.0,6.2,2361.0,Jun,34,545903
HP101265,136.5,3,2.5,7,14,2001,Airport,apartment,good,yes,yes,yes,no,C,5.7,5.0,13.3,1413.0,May,80,526375
HP100599,67.9,2,1.2,4,7,1982,Industrial,house,good,yes,yes,no,yes,B,4.8,4.3,15.0,2085.0,Mar,60,365894
HP101015,95.6,2,1.8,17,19,1996,Suburb,house,new,no,yes,no,yes,E,6.7,2.4,10.2,3622.0,Apr,76,705492
HP101370,93.3,3,2.5,17,23,1978,Downtown,studio,excellent,yes,yes,no,yes,D,8.0,2.8,2.7,3531.0,Oct,64,652746
HP100097,71.8,2,1.7,25,36,1982,Downtown,apartment,fair,no,yes,yes,no,E,7.4,2.3,1.5,4042.0,Dec,39,596375
HP100826,83.0,4,3.6,5,5,1993,Industrial,house,excellent,no,yes,no,no,D,4.8,3.2,14.0,1198.0,Jan,64,397782
HP101140,61.6,2,2.2,7,11,1993,Old Town,studio,fair,no,yes,yes,yes,B,5.6,3.0,2.3,2337.0,Jan,55,305695
HP101225,82.1,2,1.9,17,21,2014,Green Hills,apartment,fair,no,yes,yes,yes,B,8.6,2.0,8.1,3957.0,Apr,63,593490
HP101698,105.0,3,3.6,13,13,2018,Market,apartment,fair,no,no,no,yes,D,5.6,3.3,4.0,2476.0,Aug,49,506990
HP100479,66.2,2,,18,25,1965,Business Bay,house,good,no,yes,no,no,A,8.2,0.5,1.9,3804.0,Dec,60,572640
HP100323,80.3,2,2.6,11,14,2017,University,apartment,poor,no,yes,yes,yes,D,6.1,5.3,2.7,2284.0,Nov,65,473819
HP101217,36.5,2,2.9,15,16,1979,University,apartment,new,yes,yes,no,no,A,6.3,5.4,4.2,1925.0,Oct,65,534929
HP101467,176.3,5,3.1,4,6,2012,Suburb,townhouse,poor,no,no,yes,yes,B,7.3,2.8,11.2,2657.0,Feb,65,830406
HP101478,100.8,2,1.8,15,23,2014,University,apartment,fair,no,yes,no,yes,C,6.5,3.6,6.4,2269.0,Dec,33,440444
HP101619,75.7,1,1.0,8,13,2015,Downtown,townhouse,new,no,yes,no,yes,C,8.5,1.9,1.5,2987.0,Aug,76,614898
HP100098,42.3,2,1.3,3,6,2008,Downtown,apartment,good,no,no,no,no,C,8.9,1.2,0.5,2997.0,Feb,87,464981
HPDUP010,89.7,3,2.7,6,15,1971,Old Town,house,excellent,yes,no,yes,yes,C,5.3,4.3,2.3,2866.0,Sep,38,513110
HP100424,89.5,3,2.0,17,27,1968,Industrial,studio,fair,no,yes,yes,yes,E,4.2,6.2,15.5,1582.0,Jul,66,235576
HP100296,70.1,1,1.0,1,12,1990,Market,apartment,new,no,yes,yes,yes,C,6.9,4.1,6.2,1973.0,Dec,90,465221
HP100737,42.6,3,1.5,5,11,2016,Old Town,apartment,good,yes,yes,yes,no,D,6.6,3.7,2.2,1888.0,Aug,60,435616
HP101707,99.4,3,2.5,8,9,1967,Business Bay,townhouse,good,yes,yes,yes,no,C,7.8,1.4,2.3,4600.0,Aug,65,741907
HP100902,98.4,3,3.5,12,23,1973,Downtown,apartment,good,yes,yes,no,yes,C,7.3,2.4,0.2,2988.0,Aug,35,1242280
HP100601,124.0,3,3.2,12,14,2008,Airport,townhouse,new,no,yes,yes,no,D,5.7,3.0,14.0,2330.0,Jun,58,614770
HP100999,123.1,4,2.9,6,20,2015,Suburb,townhouse,excellent,no,yes,yes,yes,A,5.6,2.7,11.2,2519.0,Aug,84,760418
HP101636,87.2,3,3.7,5,14,1977,Business Bay,apartment,good,yes,yes,yes,no,C,8.1,,3.1,4187.0,Mar,42,699274
HP100395,215.0,3,1.8,12,23,2023,Business Bay,townhouse,excellent,no,yes,no,yes,C,7.5,1.9,3.1,4430.0,Jan,50,982723
HP100426,62.3,2,1.7,5,19,2012,Suburb,house,poor,no,yes,yes,yes,D,8.6,0.5,10.9,2658.0,Dec,5,492110
HP101632,85.7,3,2.5,8,19,1989,Industrial,studio,good,yes,yes,no,no,A,5.4,6.0,14.0,1810.0,Jul,54,360356
HP101549,98.1,3,1.0,6,9,2012,Suburb,apartment,fair,yes,yes,yes,yes,B,7.3,3.3,12.8,2737.0,Apr,51,612402
HP101038,168.5,5,4.1,13,17,1990,Business Bay,apartment,excellent,no,yes,no,yes,C,8.7,1.0,3.7,4587.0,Mar,61,973525
HP100252,121.8,3,3.4,23,25,1988,Business Bay,apartment,good,no,yes,no,yes,C,7.6,2.4,3.2,4839.0,Nov,34,754546
HP100238,78.5,2,2.0,12,23,2012,Downtown,house,good,yes,yes,no,no,C,8.2,1.5,1.5,4060.0,Jun,32,636398
HP101144,46.2,2,1.0,8,11,1992,Business Bay,apartment,good,no,yes,no,yes,B,7.0,3.8,2.5,4106.0,Sep,37,538017
HP100844,97.9,3,1.2,13,26,1984,Downtown,apartment,new,yes,no,no,yes,B,7.1,2.8,1.7,3147.0,Jun,44,764719
HP101309,66.9,2,2.2,13,25,2011,Market,studio,fair,no,yes,yes,no,C,5.6,6.2,2.9,1121.0,Oct,77,296018
HP100845,97.4,2,1.0,4,8,2023,Green Hills,studio,fair,yes,yes,no,yes,E,9.4,1.1,6.9,3596.0,May,31,575345
HP100554,78.8,2,2.0,20,25,1986,Downtown,apartment,good,no,yes,yes,yes,B,8.6,0.5,0.3,3607.0,Aug,5,592950
HP101220,63.6,1,1.9,11,12,1986,Downtown,apartment,good,no,yes,yes,yes,A,6.7,2.6,2.6,4068.0,Jun,80,438703
HP101369,75.0,0,1.4,10,16,1996,Old Town,house,excellent,no,yes,yes,no,B,5.8,4.8,3.6,2173.0,Feb,81,521554
HP100545,128.3,4,3.7,17,31,1970,Business Bay,apartment,fair,no,yes,no,no,D,7.4,0.5,2.2,4145.0,Jan,62,750404
HP100250,121.7,4,2.9,15,19,1979,Industrial,studio,new,yes,yes,yes,yes,B,3.7,6.9,14.6,1470.0,May,55,490733
HP100739,124.3,3,2.1,2,2,2009,Business Bay,house,good,no,no,yes,yes,E,8.4,0.5,5.7,4181.0,Jun,54,766323
HP100964,92.9,3,2.1,6,14,1969,Market,apartment,fair,no,no,yes,yes,C,6.0,3.5,3.8,1932.0,Apr,87,429999
HP100198,63.6,1,1.0,23,27,1996,Suburb,townhouse,good,no,yes,no,yes,D,7.4,1.1,11.1,2947.0,Jan,72,404460
HP101436,83.1,1,1.1,15,29,1977,Suburb,studio,good,yes,yes,yes,no,B,7.3,3.4,11.9,2713.0,Jul,74,425602
HP101509,31.6,2,2.4,4,13,1992,Riverside,apartment,fair,yes,yes,yes,yes,A,8.8,0.8,5.6,3580.0,Mar,22,526402
HP101454,80.0,2,1.3,12,24,2012,Old Town,apartment,poor,no,yes,yes,no,D,4.7,5.9,4.9,1625.0,May,106,342455
HP100897,64.3,2,1.2,14,15,1968,Suburb,apartment,fair,no,yes,yes,yes,E,7.9,1.5,7.6,2845.0,Mar,67,396237
HP101606,75.6,2,2.1,19,19,1995,Market,house,excellent,no,yes,no,no,C,5.4,4.1,3.4,1300.0,Feb,78,425281
HP101581,206.1,4,3.0,11,21,2008,Old Town,townhouse,fair,no,yes,yes,yes,B,5.4,3.1,0.9,2972.0,Jul,67,853514
HP101314,51.9,2,1.9,3,17,2022,Downtown,apartment,poor,no,yes,no,no,D,6.8,3.7,1.6,3185.0,Aug,55,433829
HP100989,157.4,5,2.8,19,30,1971,Airport,apartment,new,no,yes,yes,yes,B,5.0,5.9,14.6,1925.0,Mar,78,749266
HP101040,98.2,3,2.4,1,1,2017,Downtown,townhouse,excellent,no,no,no,no,C,8.1,1.6,0.3,3629.0,Sep,66,746091
HP101182,129.0,3,2.2,16,23,1990,Downtown,apartment,good,yes,no,no,no,E,6.5,2.4,0.2,4256.0,Dec,79,804197
HP100243,43.4,0,1.0,16,22,1987,University,studio,excellent,no,no,yes,no,E,7.9,3.7,4.6,1650.0,Aug,2,313072
HP100066,88.2,2,1.6,2,13,1985,University,studio,excellent,yes,yes,no,no,A,7.1,2.6,3.5,3076.0,Apr,54,623487
HP101733,61.4,2,2.8,4,10,1975,Suburb,apartment,poor,no,yes,yes,no,C,7.1,4.2,11.1,3341.0,Dec,45,348663
HP100933,85.8,2,2.5,16,22,1991,Airport,apartment,excellent,no,yes,no,yes,B,6.0,2.6,13.7,1996.0,Feb,69,413289
HP100359,99.7,2,2.3,22,29,2013,Industrial,apartment,poor,yes,no,no,no,A,4.4,5.6,14.4,1671.0,Oct,29,321251
HP100095,64.0,3,1.9,23,25,2002,Industrial,apartment,excellent,no,yes,no,yes,,5.1,3.9,13.1,1877.0,Jan,74,345426
HP101528,38.2,1,1.5,19,23,1967,Suburb,house,good,no,yes,no,yes,B,7.0,4.0,12.1,3100.0,Jul,124,321827
HP101496,50.1,1,1.0,9,10,1995,Green Hills,townhouse,new,no,yes,yes,yes,E,10.0,0.5,7.2,3438.0,Jul,78,707479
HPDUP012,144.3,3,2.2,13,17,2023,Airport,apartment,good,no,yes,yes,yes,C,4.9,4.9,14.3,2305.0,Mar,64,492527
HP101784,64.0,3,3.8,14,15,2023,Suburb,studio,good,no,yes,no,yes,C,7.3,3.8,11.6,2834.0,Mar,64,386472
HP100521,85.1,1,1.6,21,34,1995,Old Town,apartment,new,no,yes,yes,yes,C,4.9,6.6,0.9,2207.0,Dec,114,438553
HP101686,60.0,1,1.1,22,30,2009,University,house,good,no,yes,no,no,C,7.4,2.2,4.5,1929.0,Apr,33,421634
HP101554,71.4,2,2.4,16,22,1967,Suburb,house,good,no,yes,yes,yes,C,7.5,2.1,9.6,2678.0,Nov,91,491723
HP101432,84.8,2,2.0,25,32,1976,Downtown,house,excellent,yes,yes,no,yes,D,7.0,2.5,1.4,4501.0,Feb,51,741460
HP100974,167.1,4,3.9,8,15,1971,Old Town,townhouse,good,no,yes,no,no,C,6.3,4.4,2.1,1439.0,Oct,73,691817
HP100665,88.2,3,2.4,25,35,1981,Riverside,townhouse,good,no,yes,no,no,D,8.6,2.2,6.7,3142.0,Dec,54,567113
HP100361,96.7,3,2.7,24,27,1992,Downtown,apartment,fair,no,yes,yes,yes,C,8.0,1.2,1.7,3347.0,Dec,57,727707
HP101456,124.7,3,1.4,14,21,1977,Suburb,apartment,good,no,yes,yes,no,A,6.9,2.2,11.7,3201.0,Aug,33,588860
HP101455,50.0,3,2.8,3,12,1978,Downtown,townhouse,new,no,yes,yes,yes,C,7.9,3.2,3.0,3808.0,Sep,71,726754
HP100484,94.3,2,2.1,1,9,1990,Downtown,apartment,good,no,yes,yes,no,B,6.9,5.6,1.2,3548.0,Jul,44,680749
HP101175,95.7,2,2.8,1,9,1981,Airport,townhouse,excellent,no,yes,no,yes,C,4.6,4.1,14.7,1995.0,Apr,95,397081
HP101351,75.5,2,1.2,18,20,1981,Green Hills,house,fair,no,yes,yes,yes,B,8.6,1.8,6.5,4141.0,Jun,61,630625
HP101280,97.8,2,1.5,25,38,2008,Old Town,apartment,good,yes,yes,yes,yes,D,5.6,4.2,4.9,1616.0,Jun,85,470918
HP100311,93.5,0,1.0,12,15,1976,Business Bay,house,excellent,no,yes,no,yes,C,8.2,0.5,0.7,4387.0,Sep,82,667778
HP101328,84.2,2,2.3,21,29,1979,Suburb,house,excellent,no,yes,yes,yes,B,7.0,2.2,8.6,2684.0,Jun,51,662562
HP100842,72.2,1,1.7,11,14,1999,University,house,excellent,no,no,yes,yes,C,6.8,1.9,4.2,2575.0,Dec,51,576422
HP100413,64.3,0,1.6,16,20,2024,Green Hills,house,excellent,no,yes,yes,yes,B,10.0,0.5,5.7,4081.0,Nov,21,735634
HP101157,90.7,1,1.6,4,5,1983,Downtown,apartment,good,yes,no,yes,yes,C,7.0,0.5,0.6,3220.0,Aug,76,670159
HP100031,127.6,4,3.5,6,15,1993,Market,studio,good,no,yes,yes,yes,C,5.0,4.8,4.7,1787.0,Jul,47,574365
HP100765,32.6,0,1.1,2,6,1978,Downtown,apartment,excellent,no,no,no,yes,D,7.8,0.6,0.2,3449.0,Jun,33,388399
HP100458,66.4,4,3.2,20,21,2016,Airport,apartment,fair,no,yes,no,yes,C,6.1,4.8,14.6,1823.0,Jul,56,301290
HP101185,71.1,3,2.2,1,12,1999,Green Hills,apartment,new,no,yes,yes,no,,7.9,1.4,8.9,4309.0,Nov,26,684265
HP100339,42.0,1,1.5,3,4,1968,Market,townhouse,good,no,yes,yes,yes,C,5.3,4.3,5.3,2356.0,Jul,28,322857
HP100286,78.7,2,1.0,7,13,2011,Downtown,apartment,fair,yes,yes,no,no,D,6.8,2.4,2.3,2953.0,Aug,56,500073
HP101272,181.8,4,3.5,24,27,1991,Business Bay,townhouse,good,no,no,yes,yes,B,6.6,3.8,0.6,3022.0,Jul,23,933445
HP101792,143.1,4,2.9,2,9,1989,Suburb,townhouse,excellent,yes,yes,no,yes,D,6.5,3.0,13.6,2527.0,Jan,48,732279
HP100949,105.1,2,1.5,5,5,1999,Old Town,apartment,good,no,yes,no,yes,C,4.1,4.8,3.6,2287.0,Jun,33,467278
HP101603,109.8,2,,20,29,2007,Airport,studio,new,no,yes,yes,yes,A,3.7,5.7,13.4,1265.0,Aug,69,417164
HP100139,97.7,3,2.4,15,15,1986,Downtown,apartment,excellent,no,yes,no,yes,D,8.1,1.0,0.2,4208.0,Jan,54,795568
HP100848,37.3,2,2.8,7,17,2000,Suburb,house,fair,no,yes,no,no,B,7.9,1.8,8.3,3330.0,Sep,49,448131
HP101025,95.0,2,2.5,8,22,2016,Old Town,townhouse,fair,no,yes,no,yes,D,6.2,3.6,2.8,2153.0,Dec,61,404807
HP101231,53.7,3,2.7,15,26,1991,University,apartment,good,yes,yes,yes,no,D,6.0,4.3,4.3,2336.0,Mar,47,453584
HP101138,90.5,2,1.8,22,34,2024,Downtown,apartment,excellent,no,yes,no,yes,D,7.6,0.5,1.0,3759.0,Aug,41,675624
HP100900,137.0,3,2.9,4,10,1972,Business Bay,house,excellent,no,yes,yes,no,C,8.6,1.1,4.2,3894.0,Jan,48,881810
HP100731,103.6,2,2.1,23,31,1974,Downtown,house,good,yes,no,no,no,C,7.6,1.9,2.6,3668.0,Dec,71,706412
HP101670,108.2,2,2.9,14,26,1993,Old Town,apartment,good,yes,yes,yes,no,D,6.0,3.9,2.8,1740.0,Jan,40,488603
HP100264,98.7,3,2.5,16,29,1994,Market,apartment,fair,no,yes,no,no,A,6.0,3.5,2.3,1848.0,Jun,79,540872
HP100274,71.4,2,1.2,10,10,1987,Riverside,apartment,good,no,no,no,yes,B,9.0,1.0,6.5,4252.0,Jun,40,563994
HP101094,88.9,4,3.2,2,11,1980,University,studio,new,yes,yes,yes,yes,E,6.2,2.7,6.3,2656.0,Aug,86,601113
HP100444,140.8,5,4.1,19,28,1996,Suburb,apartment,fair,no,no,no,no,E,6.5,2.9,10.7,2729.0,Aug,66,570844
HP100039,77.8,3,3.1,6,15,2023,Industrial,townhouse,good,no,no,yes,yes,C,3.9,7.1,19.0,1732.0,Sep,83,296785
HP101122,71.6,2,2.1,13,22,1993,Green Hills,apartment,excellent,no,yes,no,no,C,9.3,0.5,5.8,4288.0,Jan,69,612805
HP101264,75.0,0,1.0,19,21,2021,University,apartment,excellent,no,yes,no,no,B,7.0,2.5,5.0,2180.0,Apr,49,428349
HP100021,75.4,3,2.2,16,25,2002,Old Town,house,fair,yes,no,yes,yes,B,5.8,3.6,4.5,2090.0,Jun,34,447419
HP100705,105.2,1,1.8,18,18,1983,University,apartment,good,yes,yes,yes,no,C,6.3,4.5,4.8,2906.0,Feb,34,540927
HP101438,131.2,3,3.4,25,26,1987,Market,apartment,good,no,yes,no,no,D,5.6,5.2,4.2,1845.0,Sep,72,596939
HP100517,107.3,2,1.6,13,15,1989,Riverside,townhouse,excellent,no,yes,yes,no,D,8.8,1.6,6.3,2889.0,Apr,53,662149
HP101173,68.4,1,1.5,20,22,1972,Airport,studio,good,yes,yes,yes,yes,D,5.3,4.1,13.2,2392.0,Jan,44,234338
HP100354,86.2,2,2.0,11,20,2020,Business Bay,house,excellent,yes,yes,no,yes,C,6.1,2.9,1.8,3163.0,Jun,43,800383
HP100297,78.0,3,3.1,2,12,1984,Airport,house,new,no,no,no,no,C,4.6,3.3,14.4,1495.0,Jan,59,431139
HP101076,93.8,3,2.9,22,26,1967,University,apartment,new,yes,yes,no,no,B,7.7,2.3,4.4,2433.0,Apr,28,729090
HP100839,64.4,3,1.5,17,29,2009,University,apartment,fair,yes,yes,no,yes,C,8.5,2.1,4.4,3172.0,Jan,49,472640
HP101222,116.6,3,1.6,9,21,2004,Green Hills,house,fair,yes,no,yes,no,B,9.1,3.7,5.5,3940.0,Oct,38,681431
HP100924,97.2,3,2.3,25,28,1992,Suburb,apartment,fair,yes,yes,no,yes,D,7.7,1.3,12.4,2539.0,Jan,58,486686
HP100122,93.7,2,3.0,10,20,1983,Downtown,house,good,no,yes,yes,yes,B,7.2,2.5,1.5,2662.0,Sep,52,726073
HP101227,83.1,3,2.2,13,23,2016,Business Bay,townhouse,good,no,yes,yes,no,A,8.2,1.3,0.9,4757.0,May,45,804609
HP101091,140.2,3,2.6,24,30,1967,Industrial,studio,good,yes,yes,yes,yes,B,3.8,4.4,15.0,1507.0,Oct,91,413142
HP101247,157.7,3,2.2,24,34,1973,Suburb,house,poor,no,yes,no,no,C,8.2,1.0,11.9,2436.0,May,43,687528
HP101151,115.8,3,1.8,25,38,1993,Green Hills,townhouse,fair,no,yes,yes,yes,B,9.1,0.5,7.9,4072.0,Jun,64,755504
HP101163,56.5,1,1.5,20,34,2017,Suburb,house,good,no,no,yes,yes,D,6.4,2.3,10.4,3535.0,Jan,74,430572
HP100417,130.0,3,3.5,21,24,2021,Airport,studio,excellent,no,no,yes,yes,D,,3.4,11.6,2303.0,Sep,24,566160
HP100966,100.9,3,3.3,17,17,1967,Market,apartment,poor,no,no,yes,no,C,6.5,3.4,3.3,2020.0,Dec,26,396095
HP101242,58.8,1,2.5,11,15,1989,Old Town,townhouse,good,no,yes,yes,yes,C,5.0,4.3,2.7,2362.0,Feb,57,427979
HP101570,59.1,1,1.0,24,34,2025,Business Bay,studio,,yes,yes,yes,no,D,7.7,1.6,2.6,3766.0,Jan,77,521646
HP100157,41.1,1,1.5,22,26,1972,Industrial,apartment,fair,no,yes,no,yes,B,4.4,4.9,14.8,2011.0,Apr,86,393657
HP101118,96.5,3,2.5,12,14,1969,Suburb,apartment,good,no,yes,no,no,C,7.2,3.5,10.5,2604.0,Jul,66,481268
HP101279,61.3,1,1.0,7,11,1992,University,apartment,excellent,no,yes,yes,yes,D,6.9,2.0,3.6,2259.0,Jan,56,440160
HP101615,86.0,3,2.5,22,26,2016,Suburb,apartment,good,yes,yes,no,no,B,6.4,5.7,11.0,2818.0,Jan,64,511341
HP101063,114.3,3,3.7,24,36,2019,Industrial,apartment,excellent,no,yes,no,yes,C,4.8,4.2,14.5,1945.0,Nov,59,437088
HP101154,32.4,1,1.5,13,25,2013,University,house,fair,no,no,no,yes,A,6.4,0.5,7.1,2430.0,Jun,61,406045
HPDUP006,96.4,3,2.1,23,24,2016,Market,apartment,good,no,no,yes,no,C,5.7,4.1,5.8,2076.0,Jul,49,487116
HP100189,78.4,1,,9,12,2022,Suburb,apartment,new,no,no,no,yes,B,6.9,4.0,9.7,2317.0,Aug,56,510252
HP100589,115.0,3,2.3,1,8,2004,Downtown,apartment,new,,yes,no,no,B,8.0,2.8,2.6,3539.0,Jul,45,734897
HP101426,77.4,1,1.1,12,21,1988,Downtown,house,good,no,yes,yes,no,A,6.7,4.4,0.5,3399.0,Nov,43,640843
HP100760,114.6,4,3.0,18,25,2025,Riverside,house,good,no,yes,no,yes,B,8.0,3.2,7.4,3391.0,Mar,39,749056
HP101062,71.4,2,1.8,18,31,1968,Suburb,apartment,good,no,yes,yes,no,C,6.5,2.9,12.0,2961.0,Jul,30,446204
HP100242,99.6,2,1.1,10,16,1972,Suburb,house,good,no,yes,yes,no,D,6.4,3.8,10.8,2470.0,Feb,44,450306
HP100884,84.1,3,2.8,1,11,1999,Suburb,apartment,fair,no,yes,yes,no,D,6.9,5.3,10.5,1962.0,Mar,47,446294
HP101377,62.4,2,2.3,5,9,1973,Green Hills,apartment,good,no,yes,yes,yes,B,8.7,0.5,7.8,3963.0,Jan,63,494531
HP100620,144.8,3,3.2,14,24,1967,Airport,apartment,good,no,yes,yes,yes,D,5.1,4.8,13.1,1825.0,Apr,53,480809
HP100650,55.6,1,1.6,16,19,1985,Business Bay,house,good,yes,yes,no,yes,D,8.6,1.8,3.4,3667.0,Jun,83,624363
HP101558,137.1,2,1.8,1,1,1971,Industrial,house,good,no,yes,yes,yes,A,4.4,6.2,15.2,2251.0,Jun,54,536476
HP100503,85.8,2,2.7,9,9,2021,University,house,good,no,yes,yes,no,D,7.7,2.9,4.4,2125.0,Oct,50,605056
HP100922,50.3,0,1.0,23,27,2006,Industrial,apartment,good,yes,yes,no,yes,B,4.4,5.6,14.8,1225.0,Nov,59,200103
HP100159,181.3,3,2.2,16,20,2014,Airport,house,fair,no,yes,no,no,C,5.0,6.8,12.9,1853.0,Nov,92,614911
HP101418,73.9,2,2.0,15,20,1974,Green Hills,apartment,new,no,yes,yes,yes,A,7.9,2.3,8.2,4187.0,Nov,51,637081
HP100882,58.2,1,1.5,9,13,1993,Market,apartment,good,no,no,yes,no,D,6.1,6.1,3.0,2567.0,Aug,81,305059
HP100537,69.7,0,1.0,17,26,2002,Suburb,apartment,new,yes,yes,yes,no,B,7.5,1.6,9.8,2856.0,Mar,55,566444
HP100240,79.4,2,2.0,24,25,2005,Green Hills,apartment,new,no,no,yes,yes,C,8.9,0.5,7.2,3319.0,Apr,51,695869
HP100013,82.1,2,1.6,15,16,1995,Green Hills,apartment,new,yes,yes,yes,yes,D,9.3,0.5,5.0,4351.0,Nov,23,798123
HP100475,57.8,1,1.9,20,24,2015,Old Town,apartment,excellent,,no,no,yes,D,6.3,4.1,3.3,2706.0,Jul,54,336975
HP101722,64.7,2,1.0,17,19,1970,Riverside,apartment,good,no,yes,no,yes,,9.7,0.5,5.9,3479.0,Jun,42,605380
HP101693,51.5,1,1.5,9,12,2004,Riverside,house,good,no,yes,yes,yes,B,8.0,2.9,6.7,3294.0,Dec,58,634475
HP100928,89.0,3,2.2,12,22,1990,University,apartment,excellent,no,yes,no,no,E,7.5,2.3,5.0,1986.0,Nov,43,567565
HP101338,78.3,2,1.7,21,28,2022,Green Hills,townhouse,good,no,no,no,yes,C,9.5,1.0,6.9,3610.0,Apr,81,630358
HP101385,88.0,3,2.7,23,31,1979,Downtown,apartment,good,,no,yes,yes,E,6.6,4.0,2.0,3866.0,Jun,66,412475
HP101614,60.0,0,1.0,7,16,1978,Green Hills,apartment,fair,no,yes,no,no,A,7.8,2.1,5.7,3647.0,Apr,5,574811
HP101344,46.7,3,2.2,5,6,2011,Market,townhouse,fair,no,no,yes,yes,B,6.1,4.4,5.7,2050.0,Aug,62,363395
HP100795,86.9,2,1.7,3,12,1974,Old Town,studio,excellent,no,yes,yes,yes,C,6.8,2.8,3.3,1556.0,Aug,55,423772
HP101588,86.8,1,1.0,17,31,1966,Old Town,apartment,good,no,yes,yes,no,A,5.6,5.3,1.9,2521.0,Feb,59,444115
HP100355,58.0,2,2.1,1,11,2017,University,townhouse,new,no,yes,yes,no,D,7.1,2.7,8.5,2767.0,Jul,43,397263
HP101058,127.3,3,,2,5,2015,University,townhouse,excellent,no,no,yes,yes,B,7.0,2.7,4.4,2101.0,Mar,51,709877
HP100334,107.2,3,1.1,6,17,1994,Suburb,house,good,yes,no,no,yes,A,7.9,2.9,9.9,3016.0,Aug,29,700937
HP100688,145.2,1,1.0,25,37,2012,Airport,apartment,excellent,yes,yes,yes,yes,C,5.4,4.6,13.1,870.0,Oct,64,540370
HP101400,44.4,1,1.0,11,12,2022,Business Bay,townhouse,good,no,yes,no,no,C,7.5,2.8,1.7,3774.0,Aug,54,462127
HP100184,84.0,2,2.0,19,25,2016,Airport,house,poor,no,yes,yes,no,C,5.4,4.1,14.7,2400.0,Jul,53,394139
HP100823,77.9,3,3.0,18,31,1995,Industrial,studio,fair,no,yes,no,no,C,4.8,4.6,13.2,2469.0,May,75,261736
HP101447,71.1,3,2.7,7,11,1990,University,townhouse,good,no,yes,no,yes,A,6.2,3.2,6.4,2677.0,Oct,56,486262
HP101701,134.9,4,2.4,22,29,1986,Market,house,good,no,yes,no,yes,C,6.9,2.4,4.2,1821.0,Jun,49,707605
HP101349,88.5,2,2.3,16,22,1972,Downtown,apartment,good,no,yes,no,no,D,7.7,1.2,1.5,4080.0,Aug,23,657977
HP101001,80.6,1,1.0,10,19,1974,Business Bay,house,excellent,no,yes,no,no,,8.2,2.1,2.2,3971.0,Jul,69,674630
HP100187,63.6,1,,25,26,1991,Downtown,house,good,no,yes,yes,no,E,6.3,4.1,1.0,2807.0,Mar,41,569702
HP100941,77.3,2,2.7,9,19,2008,Green Hills,townhouse,good,yes,yes,no,no,A,9.4,0.6,7.7,3600.0,Feb,12,700449
HP100284,75.8,3,2.7,8,10,2002,University,house,good,yes,yes,no,yes,B,6.0,3.9,5.5,2551.0,Jan,54,524312
HP101415,60.6,1,1.7,22,25,1994,Airport,townhouse,new,yes,yes,yes,yes,C,5.3,4.0,14.2,1544.0,Jul,38,451603
HP100899,61.6,1,1.9,4,11,2019,University,townhouse,excellent,,yes,no,no,D,6.9,1.6,6.2,2609.0,Mar,33,529693
HP101777,215.4,5,4.3,3,17,2009,Business Bay,apartment,fair,no,yes,yes,yes,,8.5,0.7,2.1,4350.0,Jan,45,1120035
HP100165,106.0,2,1.6,19,24,2018,Old Town,apartment,excellent,yes,yes,yes,yes,A,4.9,6.0,3.2,2201.0,Oct,66,595654
HP100347,159.9,4,2.7,20,29,2017,Suburb,studio,new,yes,yes,yes,yes,D,6.8,3.4,9.4,2635.0,Jun,9,829208
HP100298,132.5,4,2.1,17,23,2017,Airport,apartment,excellent,no,yes,yes,no,C,5.9,4.8,12.7,2059.0,Aug,51,608012
HP100535,82.5,3,1.6,19,19,2004,Suburb,house,fair,no,yes,yes,no,C,7.7,1.2,9.8,2223.0,Jan,44,540355
HP100229,74.5,3,1.4,13,25,1985,Downtown,house,good,no,yes,yes,no,A,7.8,0.9,1.9,3730.0,Mar,40,702892
HP100041,100.1,2,2.1,12,18,2014,Green Hills,house,fair,no,yes,no,yes,C,9.4,2.0,7.6,3311.0,Oct,40,667539
HP100868,112.7,3,2.8,6,16,2024,Downtown,house,excellent,no,yes,no,no,,7.6,2.1,0.2,3482.0,Sep,48,777368
HP100748,66.4,3,1.8,19,33,1992,Airport,apartment,good,no,yes,yes,yes,C,5.4,4.2,12.5,1893.0,Apr,74,268715
HPDUP011,97.3,2,1.7,21,33,1984,Suburb,townhouse,good,no,yes,no,no,B,8.3,2.1,8.7,3238.0,Sep,68,620597
HP101611,144.3,3,2.2,13,17,2023,Airport,apartment,good,no,yes,yes,yes,C,4.9,4.9,14.3,2305.0,Mar,64,492527
HP101567,78.7,2,1.9,3,8,2002,Downtown,house,fair,no,yes,yes,no,C,6.2,5.0,3.0,3497.0,Jan,62,592728
HP100446,104.2,2,1.4,2,2,2004,Market,apartment,fair,no,yes,yes,yes,C,6.9,4.3,3.0,1710.0,Jul,52,481721
HP101471,95.1,2,1.5,2,5,1983,Suburb,house,good,no,no,yes,yes,D,6.9,4.0,11.8,3281.0,Feb,44,541838
HP100349,56.5,1,1.5,10,21,1970,Downtown,apartment,good,yes,yes,yes,yes,B,7.3,1.8,2.4,3730.0,Jan,61,532680
HP100045,89.4,2,2.0,3,13,1977,Airport,house,excellent,yes,yes,no,yes,B,6.0,3.7,13.3,2857.0,Nov,33,515501
HP101756,67.7,1,1.0,10,13,1984,Suburb,house,good,no,yes,yes,no,C,8.1,2.1,11.3,3425.0,Oct,31,513278
HP101783,99.6,3,2.0,7,19,1967,Suburb,house,new,no,yes,no,no,C,7.6,2.2,8.3,2265.0,May,50,704486
HP100108,83.6,3,2.1,16,30,2019,Downtown,townhouse,good,no,yes,no,no,C,8.0,0.5,1.4,2667.0,Jul,48,621659
HP101641,103.3,3,3.3,7,7,1974,Downtown,apartment,fair,yes,yes,yes,yes,C,7.6,2.1,1.1,2958.0,Feb,58,680539
HP101685,71.4,1,,14,28,1978,Suburb,townhouse,excellent,no,yes,yes,yes,C,7.7,3.8,8.5,1989.0,Jul,31,546202
HP100029,66.9,1,1.0,24,31,2021,Riverside,house,fair,no,yes,no,yes,A,7.6,2.0,6.3,3159.0,Aug,67,515977
HP100181,80.4,2,1.8,25,33,1989,Green Hills,apartment,excellent,no,yes,yes,yes,B,9.0,0.5,8.4,3192.0,Nov,80,680046
HP100621,92.4,3,2.3,19,32,2011,University,apartment,excellent,yes,no,yes,no,,7.1,3.8,4.8,3106.0,Mar,51,621781
HP101443,60.7,3,2.3,10,16,1985,Downtown,apartment,good,yes,no,no,yes,C,7.7,0.9,2.2,3713.0,May,49,564693
HP100634,73.7,0,1.0,13,13,2020,Downtown,house,good,no,yes,no,no,C,7.9,1.9,0.2,3715.0,Jan,66,588271
HP100104,97.0,3,2.9,9,18,2020,Airport,house,good,no,no,no,no,D,4.9,3.7,12.0,1289.0,Aug,61,421209
HP100060,97.4,2,2.2,5,18,2002,Industrial,house,fair,no,yes,yes,yes,E,3.9,7.1,14.2,1410.0,Dec,72,275634
HP100658,57.0,2,1.8,15,26,2012,Industrial,apartment,good,yes,yes,yes,no,B,4.5,4.8,14.6,2016.0,Sep,65,311197
HP101107,118.1,3,3.6,15,26,2003,Business Bay,apartment,new,no,yes,no,yes,C,8.5,0.5,3.6,3966.0,Nov,64,885866
HP100490,75.9,1,1.1,3,15,2021,Riverside,studio,good,yes,yes,yes,yes,B,,1.8,5.0,3077.0,Sep,23,506104
HP100315,193.4,6,4.5,13,13,1983,Old Town,studio,excellent,no,yes,yes,no,B,6.2,2.4,3.7,2194.0,Apr,39,824362
HP101474,47.3,2,1.4,18,18,1975,University,house,excellent,no,yes,yes,yes,B,7.5,1.1,3.5,2733.0,Feb,45,532156
HP100381,169.1,4,3.3,9,9,1987,Market,studio,good,no,yes,no,no,C,4.7,,4.6,2161.0,Aug,57,534840
HP100422,87.9,1,1.0,1,8,1987,Downtown,apartment,good,yes,no,no,no,C,7.2,1.2,0.2,3823.0,Jul,61,588430
HP101520,112.3,3,2.7,15,16,1987,Old Town,apartment,excellent,no,yes,yes,no,C,4.7,4.3,2.6,2565.0,Jan,67,537261
HP101762,72.4,1,1.0,7,18,2008,Suburb,studio,good,yes,yes,yes,yes,A,7.1,2.6,12.7,2587.0,Dec,45,421265
HP101547,78.8,2,2.3,6,7,1988,Airport,house,new,yes,no,yes,yes,B,5.5,2.9,12.2,1163.0,Feb,56,476507
HP100445,142.5,4,2.8,1,14,2007,Riverside,apartment,good,no,yes,yes,no,B,8.4,0.8,8.1,3646.0,Oct,45,848350
HP100663,63.5,0,1.0,15,25,1994,Downtown,house,poor,no,yes,no,yes,B,7.5,3.4,1.3,3749.0,Feb,79,496711
HP101024,128.0,3,2.9,20,26,2018,Industrial,studio,new,yes,yes,no,no,C,4.3,6.1,17.1,2244.0,Aug,65,499650
HP100779,101.6,3,,23,30,1986,Green Hills,studio,good,no,no,yes,yes,D,9.0,0.5,8.7,3778.0,Apr,34,575629
HP101529,144.2,4,3.0,13,25,2010,Suburb,apartment,fair,no,yes,yes,no,D,6.4,2.8,10.4,2640.0,Nov,28,630116
HP100626,95.4,3,1.3,5,11,1971,Airport,apartment,excellent,yes,yes,no,yes,C,5.4,4.2,15.5,1885.0,Feb,54,335957
HP101481,115.2,3,2.9,20,26,2019,Downtown,apartment,fair,no,yes,no,no,C,7.8,3.6,3.3,3232.0,Oct,45,738350
HP101512,117.1,2,1.8,11,25,2017,Industrial,house,poor,no,yes,yes,yes,D,3.9,6.3,16.5,1828.0,Jul,83,371227
HP101112,65.7,3,2.1,23,34,2021,Industrial,house,good,no,yes,yes,yes,,4.4,8.0,15.7,1913.0,May,77,367089
HP101507,57.6,2,2.4,6,12,1989,Business Bay,apartment,good,no,yes,yes,yes,D,8.0,2.7,1.7,4697.0,Dec,35,667876
HP101484,77.6,1,1.5,3,5,1999,Industrial,apartment,excellent,no,no,yes,no,A,4.6,6.5,14.8,1918.0,May,50,355421
HP101101,58.5,1,1.0,18,24,2017,Old Town,studio,fair,no,yes,yes,yes,B,5.9,2.8,3.5,2607.0,Nov,46,343240
HP100268,171.3,4,3.9,11,11,1981,Downtown,apartment,good,no,yes,yes,yes,B,7.7,1.2,1.2,,Jul,33,797380
HP100929,56.9,2,2.1,3,9,1992,Riverside,studio,fair,yes,yes,yes,no,C,8.4,0.8,8.5,3291.0,May,36,540795
HP101147,65.8,2,2.0,2,12,1996,Airport,townhouse,poor,no,no,yes,no,A,5.9,3.8,11.7,2108.0,Jul,41,346862
HP101321,58.2,2,1.2,10,23,1978,Business Bay,apartment,good,no,yes,yes,yes,A,7.7,0.5,2.4,3667.0,Dec,50,620955
HP101119,54.3,1,1.1,22,31,2023,Green Hills,house,good,no,yes,no,no,B,9.6,0.5,6.7,3785.0,Feb,41,613721
HP101757,107.2,3,2.9,4,4,2006,Market,studio,good,yes,no,no,yes,C,6.3,4.4,4.9,2715.0,Nov,54,555452
HP100011,51.8,1,1.0,11,21,2009,Market,apartment,good,no,no,no,no,C,6.9,1.4,3.7,2091.0,Oct,70,302413
HP100114,112.9,1,1.0,6,7,1987,Suburb,apartment,good,no,yes,no,yes,C,6.2,2.7,9.1,2780.0,Aug,33,487829
HP100843,180.0,5,3.7,14,14,1990,Business Bay,townhouse,good,no,no,yes,yes,B,9.0,0.5,3.3,4361.0,Dec,59,1029811
HP101452,75.5,3,2.0,19,27,1978,Green Hills,apartment,good,yes,yes,no,no,C,9.8,0.5,5.8,4229.0,Nov,98,620330
HP101281,118.1,3,2.8,17,17,2009,Business Bay,apartment,excellent,no,yes,no,no,C,8.2,1.9,0.8,4181.0,Nov,42,773775
HP101755,130.5,4,4.1,8,11,2006,University,townhouse,good,no,no,no,no,C,7.1,3.7,4.9,1829.0,May,75,743290
HP100352,96.5,2,2.0,22,29,2019,University,townhouse,good,no,yes,no,no,A,7.9,1.6,3.8,2606.0,Jan,58,610045
HP101795,57.8,2,1.0,6,10,2007,Old Town,studio,excellent,no,yes,no,yes,C,6.0,5.8,2.9,2237.0,Jan,99,355784
HP100773,100.2,2,2.3,21,28,1975,Green Hills,townhouse,excellent,yes,yes,yes,yes,B,9.0,0.5,7.2,4216.0,Oct,33,841122
HP100690,85.9,1,1.0,4,12,1974,Suburb,studio,good,no,no,no,no,C,7.0,3.4,9.1,2728.0,May,86,370417
HP100790,94.5,2,2.2,22,22,2019,Suburb,townhouse,good,no,yes,yes,yes,C,8.2,,10.1,3361.0,Aug,48,584242
HP100531,69.1,3,3.4,14,26,2005,Riverside,apartment,new,no,yes,no,yes,B,8.4,1.8,3.9,3431.0,Oct,27,679791
HP100867,65.8,1,1.0,17,31,2015,Airport,apartment,good,yes,yes,no,yes,A,5.3,5.6,10.8,1780.0,Dec,51,310768
HP100169,94.8,3,2.9,10,14,2017,Market,house,poor,yes,yes,yes,no,E,6.8,2.6,2.1,1827.0,Aug,63,461963
HP100239,70.9,2,1.3,12,12,2019,Downtown,townhouse,fair,no,yes,no,yes,D,7.5,3.0,1.2,3509.0,Dec,72,544426
HP101301,81.0,2,1.8,17,28,1978,University,apartment,,no,no,no,yes,D,5.8,4.9,5.7,3480.0,May,82,497090
HP101184,115.7,4,3.9,3,3,1998,Suburb,apartment,good,yes,no,no,yes,D,7.7,1.7,10.4,2967.0,Oct,19,641831
HP100073,69.6,1,1.0,15,16,2007,Suburb,studio,fair,no,yes,yes,yes,B,7.8,3.5,11.9,3672.0,Sep,52,406769
HP101553,136.1,4,3.2,13,13,1995,Old Town,apartment,good,no,no,yes,yes,E,4.3,4.2,2.3,2495.0,Feb,42,560965
HP101086,83.9,2,2.2,14,20,1984,Airport,apartment,new,yes,yes,yes,no,E,4.8,3.9,13.5,2488.0,Feb,21,283853
HP100761,78.2,1,1.6,5,15,2018,Suburb,house,good,no,no,no,no,C,8.0,1.1,11.3,2935.0,Sep,41,530910
HP101516,137.8,4,2.8,15,22,1985,Downtown,townhouse,poor,no,no,no,no,B,8.0,2.1,1.3,3808.0,Apr,39,822387
HP100740,44.2,1,1.4,16,22,2007,Downtown,house,good,no,yes,yes,no,C,8.4,2.0,1.3,3061.0,Dec,50,569190
HP100750,63.2,2,1.8,15,24,1998,Suburb,house,new,no,yes,yes,no,B,6.6,4.1,8.6,2305.0,Oct,50,564128
HP100741,130.9,2,1.9,3,8,2018,Downtown,apartment,new,no,yes,no,no,D,7.1,2.1,2.3,3314.0,Jul,61,783275
HP100830,61.0,1,1.6,7,7,1967,Industrial,apartment,excellent,yes,yes,no,yes,D,3.1,5.3,17.5,,Jul,48,238308
HP100047,80.3,2,2.1,9,9,1988,Suburb,house,good,no,yes,yes,yes,B,7.4,3.8,10.7,2310.0,Oct,36,584476
HP100762,74.2,3,2.1,12,26,2000,Downtown,townhouse,excellent,yes,yes,yes,yes,D,7.9,2.4,1.9,3471.0,Jun,103,749365
HP100591,139.1,3,1.9,15,18,1969,Business Bay,townhouse,good,no,yes,yes,yes,E,8.7,1.5,0.9,3709.0,Dec,73,801452
HP100807,89.5,2,1.0,14,14,2002,Suburb,apartment,fair,yes,no,no,yes,C,7.5,2.8,9.2,3039.0,Apr,63,462553
HP101083,175.6,5,3.9,24,28,2014,Green Hills,apartment,good,yes,yes,no,no,D,9.6,2.3,7.4,4451.0,Feb,36,906536
HP100505,98.2,1,1.1,5,19,2001,Airport,apartment,excellent,no,yes,yes,no,C,5.5,2.4,12.3,1166.0,Jul,47,418681
HP101044,109.4,3,2.2,2,10,1993,Downtown,apartment,fair,yes,yes,no,no,A,7.6,2.0,1.8,3642.0,Nov,78,693967
HP101448,66.9,1,1.0,11,14,2010,Industrial,townhouse,new,no,yes,no,no,C,3.8,7.1,16.6,700.0,Feb,81,279431
HP100652,82.6,2,2.0,12,24,2012,Riverside,house,good,no,yes,yes,yes,B,8.6,2.9,5.2,3150.0,Oct,53,681994
HP100192,81.1,2,1.5,1,1,2013,Suburb,apartment,fair,no,no,yes,yes,C,7.5,3.2,9.3,3192.0,Oct,44,492486
HP101666,83.7,2,2.0,7,15,2009,Green Hills,house,good,no,yes,no,yes,B,9.5,0.5,6.2,3699.0,Apr,22,735075
HP101239,67.9,2,,17,24,2000,Suburb,house,excellent,no,yes,yes,no,D,7.0,2.6,9.0,3583.0,Jun,95,610629
HP100244,72.3,3,2.2,5,15,2008,Industrial,studio,fair,no,yes,yes,yes,C,4.0,5.3,14.9,1657.0,Oct,74,190020
HP101387,91.8,3,1.7,21,23,2012,Old Town,townhouse,excellent,no,no,yes,yes,C,6.5,3.8,2.9,1982.0,Sep,32,606196
HP100059,41.6,2,2.7,12,12,2022,Downtown,apartment,,no,yes,no,yes,C,6.8,1.4,2.1,3734.0,Feb,51,564245
HP101245,253.6,5,3.7,4,7,2004,Suburb,studio,good,no,yes,yes,no,E,6.3,3.7,11.0,2524.0,Apr,57,872591
HP100176,41.0,1,1.1,20,20,1979,Business Bay,house,new,no,yes,no,no,D,7.8,4.0,1.4,4201.0,Sep,75,595076
HP100449,63.1,2,1.0,13,27,1973,Industrial,apartment,new,yes,no,no,yes,D,5.2,4.8,14.0,1746.0,Jul,63,293001
HP100055,115.4,3,2.5,12,24,2021,Airport,studio,good,yes,yes,no,no,C,5.0,4.9,11.5,1734.0,Jun,26,412511
HP101278,132.1,3,2.8,25,33,2009,Green Hills,house,excellent,no,yes,no,no,B,9.8,0.5,7.0,4100.0,Jul,65,838997
HP100919,118.2,3,1.6,9,10,1973,University,house,excellent,no,yes,no,yes,B,8.3,0.5,5.6,1607.0,Jun,45,693242
HP101409,131.2,1,1.1,6,6,1996,Riverside,apartment,fair,no,no,no,no,A,7.7,0.9,7.9,3374.0,May,41,599025
HP101221,120.5,2,1.8,5,18,1975,Suburb,townhouse,new,yes,no,yes,no,C,7.1,1.8,9.5,2182.0,Oct,50,683650
HP101092,55.5,0,1.0,14,19,1965,Suburb,house,good,no,yes,yes,no,C,7.5,2.2,11.8,2414.0,Jun,48,357584
HP101746,103.4,3,2.3,1,14,1994,Riverside,house,excellent,no,yes,no,yes,B,8.7,1.1,5.3,2979.0,Jul,39,838811
HP101768,95.9,3,2.8,2,8,2017,Suburb,townhouse,good,no,no,yes,yes,,6.5,3.5,12.5,2682.0,Sep,59,497699
HP101737,150.2,5,3.5,12,26,2009,Suburb,house,excellent,no,yes,yes,yes,C,7.3,2.2,9.8,3128.0,Nov,55,902278
HP101192,63.0,1,1.0,2,9,2003,Green Hills,apartment,fair,no,yes,no,yes,D,8.4,3.7,6.8,3914.0,Oct,52,487009
HP101209,131.5,4,3.5,10,14,1968,Business Bay,townhouse,new,no,no,yes,yes,C,7.6,0.8,4.1,4567.0,Jul,50,878415
HP101059,98.3,2,,11,16,1978,Riverside,apartment,good,yes,yes,no,no,E,8.6,2.0,5.4,3383.0,Sep,50,482626
HP100641,142.4,4,3.3,14,22,1994,Airport,apartment,good,no,yes,no,no,C,5.0,3.4,11.3,1297.0,Jul,40,338228
